[
  {
    "name": "Process Start",
    "start": 1657157397264,
    "end": 1657157411218,
    "duration": 13954,
    "pid": 36592,
    "index": 0
  },
  {
    "name": "Application Start",
    "start": 1657157411219,
    "end": 1657157413170,
    "duration": 1951,
    "pid": 36592,
    "index": 1
  },
  {
    "name": "Load Plugin",
    "start": 1657157411224,
    "end": 1657157411240,
    "duration": 16,
    "pid": 36592,
    "index": 2
  },
  {
    "name": "Load Config",
    "start": 1657157411240,
    "end": 1657157411254,
    "duration": 14,
    "pid": 36592,
    "index": 3
  },
  {
    "name": "Require(0) config/config.default.ts",
    "start": 1657157411240,
    "end": 1657157411240,
    "duration": 0,
    "pid": 36592,
    "index": 4
  },
  {
    "name": "Require(1) config/config.local.ts",
    "start": 1657157411240,
    "end": 1657157411240,
    "duration": 0,
    "pid": 36592,
    "index": 5
  },
  {
    "name": "Require(2) D:/project/erlvzihuwai/donkeys-server/node_modules/egg-session/config/config.default.js",
    "start": 1657157411242,
    "end": 1657157411242,
    "duration": 0,
    "pid": 36592,
    "index": 6
  },
  {
    "name": "Require(3) D:/project/erlvzihuwai/donkeys-server/node_modules/egg-security/config/config.default.js",
    "start": 1657157411242,
    "end": 1657157411242,
    "duration": 0,
    "pid": 36592,
    "index": 7
  },
  {
    "name": "Require(4) D:/project/erlvzihuwai/donkeys-server/node_modules/egg-jsonp/config/config.default.js",
    "start": 1657157411243,
    "end": 1657157411243,
    "duration": 0,
    "pid": 36592,
    "index": 8
  },
  {
    "name": "Require(5) D:/project/erlvzihuwai/donkeys-server/node_modules/egg-onerror/config/config.default.js",
    "start": 1657157411243,
    "end": 1657157411243,
    "duration": 0,
    "pid": 36592,
    "index": 9
  },
  {
    "name": "Require(6) D:/project/erlvzihuwai/donkeys-server/node_modules/egg-i18n/config/config.default.js",
    "start": 1657157411243,
    "end": 1657157411243,
    "duration": 0,
    "pid": 36592,
    "index": 10
  },
  {
    "name": "Require(7) D:/project/erlvzihuwai/donkeys-server/node_modules/egg-schedule/config/config.default.js",
    "start": 1657157411243,
    "end": 1657157411243,
    "duration": 0,
    "pid": 36592,
    "index": 11
  },
  {
    "name": "Require(8) D:/project/erlvzihuwai/donkeys-server/node_modules/egg-multipart/config/config.default.js",
    "start": 1657157411243,
    "end": 1657157411243,
    "duration": 0,
    "pid": 36592,
    "index": 12
  },
  {
    "name": "Require(9) D:/project/erlvzihuwai/donkeys-server/node_modules/egg-static/config/config.default.js",
    "start": 1657157411243,
    "end": 1657157411243,
    "duration": 0,
    "pid": 36592,
    "index": 13
  },
  {
    "name": "Require(10) D:/project/erlvzihuwai/donkeys-server/node_modules/egg/config/config.default.js",
    "start": 1657157411245,
    "end": 1657157411245,
    "duration": 0,
    "pid": 36592,
    "index": 14
  },
  {
    "name": "Require(11) D:/project/erlvzihuwai/donkeys-server/node_modules/@midwayjs/web/config/config.default.js",
    "start": 1657157411247,
    "end": 1657157411247,
    "duration": 0,
    "pid": 36592,
    "index": 15
  },
  {
    "name": "Require(12) config/config.default.ts",
    "start": 1657157411249,
    "end": 1657157411249,
    "duration": 0,
    "pid": 36592,
    "index": 16
  },
  {
    "name": "Require(13) D:/project/erlvzihuwai/donkeys-server/node_modules/egg-security/config/config.local.js",
    "start": 1657157411250,
    "end": 1657157411250,
    "duration": 0,
    "pid": 36592,
    "index": 17
  },
  {
    "name": "Require(14) D:/project/erlvzihuwai/donkeys-server/node_modules/egg/config/config.local.js",
    "start": 1657157411252,
    "end": 1657157411252,
    "duration": 0,
    "pid": 36592,
    "index": 18
  },
  {
    "name": "Require(15) config/config.local.ts",
    "start": 1657157411252,
    "end": 1657157411252,
    "duration": 0,
    "pid": 36592,
    "index": 19
  },
  {
    "name": "Before Start in node_modules/@midwayjs/web/dist/framework/web.js:45:22",
    "start": 1657157411254,
    "end": 1657157411886,
    "duration": 632,
    "pid": 36592,
    "index": 20
  },
  {
    "name": "Load extend/application.js",
    "start": 1657157411273,
    "end": 1657157411291,
    "duration": 18,
    "pid": 36592,
    "index": 21
  },
  {
    "name": "Require(16) D:/project/erlvzihuwai/donkeys-server/node_modules/egg-session/app/extend/application.js",
    "start": 1657157411274,
    "end": 1657157411275,
    "duration": 1,
    "pid": 36592,
    "index": 22
  },
  {
    "name": "Require(17) D:/project/erlvzihuwai/donkeys-server/node_modules/egg-security/app/extend/application.js",
    "start": 1657157411275,
    "end": 1657157411276,
    "duration": 1,
    "pid": 36592,
    "index": 23
  },
  {
    "name": "Require(18) D:/project/erlvzihuwai/donkeys-server/node_modules/egg-jsonp/app/extend/application.js",
    "start": 1657157411276,
    "end": 1657157411278,
    "duration": 2,
    "pid": 36592,
    "index": 24
  },
  {
    "name": "Require(19) D:/project/erlvzihuwai/donkeys-server/node_modules/egg-mock/app/extend/application.js",
    "start": 1657157411279,
    "end": 1657157411282,
    "duration": 3,
    "pid": 36592,
    "index": 25
  },
  {
    "name": "Require(20) D:/project/erlvzihuwai/donkeys-server/node_modules/@midwayjs/mock/app/extend/application.js",
    "start": 1657157411283,
    "end": 1657157411286,
    "duration": 3,
    "pid": 36592,
    "index": 26
  },
  {
    "name": "Require(21) D:/project/erlvzihuwai/donkeys-server/node_modules/@midwayjs/web/app/extend/application.js",
    "start": 1657157411287,
    "end": 1657157411289,
    "duration": 2,
    "pid": 36592,
    "index": 27
  },
  {
    "name": "Load extend/request.js",
    "start": 1657157411291,
    "end": 1657157411297,
    "duration": 6,
    "pid": 36592,
    "index": 28
  },
  {
    "name": "Require(22) D:/project/erlvzihuwai/donkeys-server/node_modules/egg/app/extend/request.js",
    "start": 1657157411293,
    "end": 1657157411295,
    "duration": 2,
    "pid": 36592,
    "index": 29
  },
  {
    "name": "Load extend/response.js",
    "start": 1657157411297,
    "end": 1657157411307,
    "duration": 10,
    "pid": 36592,
    "index": 30
  },
  {
    "name": "Require(23) D:/project/erlvzihuwai/donkeys-server/node_modules/egg/app/extend/response.js",
    "start": 1657157411301,
    "end": 1657157411305,
    "duration": 4,
    "pid": 36592,
    "index": 31
  },
  {
    "name": "Load extend/context.js",
    "start": 1657157411307,
    "end": 1657157411312,
    "duration": 5,
    "pid": 36592,
    "index": 32
  },
  {
    "name": "Require(24) D:/project/erlvzihuwai/donkeys-server/node_modules/egg-security/app/extend/context.js",
    "start": 1657157411308,
    "end": 1657157411308,
    "duration": 0,
    "pid": 36592,
    "index": 33
  },
  {
    "name": "Require(25) D:/project/erlvzihuwai/donkeys-server/node_modules/egg-jsonp/app/extend/context.js",
    "start": 1657157411308,
    "end": 1657157411308,
    "duration": 0,
    "pid": 36592,
    "index": 34
  },
  {
    "name": "Require(26) D:/project/erlvzihuwai/donkeys-server/node_modules/egg-i18n/app/extend/context.js",
    "start": 1657157411308,
    "end": 1657157411308,
    "duration": 0,
    "pid": 36592,
    "index": 35
  },
  {
    "name": "Require(27) D:/project/erlvzihuwai/donkeys-server/node_modules/egg-multipart/app/extend/context.js",
    "start": 1657157411308,
    "end": 1657157411308,
    "duration": 0,
    "pid": 36592,
    "index": 36
  },
  {
    "name": "Require(28) D:/project/erlvzihuwai/donkeys-server/node_modules/egg/app/extend/context.js",
    "start": 1657157411309,
    "end": 1657157411309,
    "duration": 0,
    "pid": 36592,
    "index": 37
  },
  {
    "name": "Require(29) D:/project/erlvzihuwai/donkeys-server/node_modules/@midwayjs/web/app/extend/context.js",
    "start": 1657157411309,
    "end": 1657157411309,
    "duration": 0,
    "pid": 36592,
    "index": 38
  },
  {
    "name": "Load extend/helper.js",
    "start": 1657157411312,
    "end": 1657157411348,
    "duration": 36,
    "pid": 36592,
    "index": 39
  },
  {
    "name": "Require(30) D:/project/erlvzihuwai/donkeys-server/node_modules/egg-security/app/extend/helper.js",
    "start": 1657157411313,
    "end": 1657157411343,
    "duration": 30,
    "pid": 36592,
    "index": 40
  },
  {
    "name": "Require(31) D:/project/erlvzihuwai/donkeys-server/node_modules/egg/app/extend/helper.js",
    "start": 1657157411345,
    "end": 1657157411345,
    "duration": 0,
    "pid": 36592,
    "index": 41
  },
  {
    "name": "Load app.js",
    "start": 1657157411349,
    "end": 1657157411460,
    "duration": 111,
    "pid": 36592,
    "index": 42
  },
  {
    "name": "Require(32) D:/project/erlvzihuwai/donkeys-server/node_modules/egg-session/app.js",
    "start": 1657157411349,
    "end": 1657157411350,
    "duration": 1,
    "pid": 36592,
    "index": 43
  },
  {
    "name": "Require(33) D:/project/erlvzihuwai/donkeys-server/node_modules/egg-security/app.js",
    "start": 1657157411351,
    "end": 1657157411353,
    "duration": 2,
    "pid": 36592,
    "index": 44
  },
  {
    "name": "Require(34) D:/project/erlvzihuwai/donkeys-server/node_modules/egg-onerror/app.js",
    "start": 1657157411354,
    "end": 1657157411374,
    "duration": 20,
    "pid": 36592,
    "index": 45
  },
  {
    "name": "Require(35) D:/project/erlvzihuwai/donkeys-server/node_modules/egg-i18n/app.js",
    "start": 1657157411375,
    "end": 1657157411443,
    "duration": 68,
    "pid": 36592,
    "index": 46
  },
  {
    "name": "Require(36) D:/project/erlvzihuwai/donkeys-server/node_modules/egg-schedule/app.js",
    "start": 1657157411444,
    "end": 1657157411449,
    "duration": 5,
    "pid": 36592,
    "index": 47
  },
  {
    "name": "Require(37) D:/project/erlvzihuwai/donkeys-server/node_modules/egg-multipart/app.js",
    "start": 1657157411450,
    "end": 1657157411452,
    "duration": 2,
    "pid": 36592,
    "index": 48
  },
  {
    "name": "Require(38) D:/project/erlvzihuwai/donkeys-server/node_modules/egg-static/app.js",
    "start": 1657157411452,
    "end": 1657157411453,
    "duration": 1,
    "pid": 36592,
    "index": 49
  },
  {
    "name": "Require(39) D:/project/erlvzihuwai/donkeys-server/node_modules/midway-schedule/app.js",
    "start": 1657157411454,
    "end": 1657157411455,
    "duration": 1,
    "pid": 36592,
    "index": 50
  },
  {
    "name": "Require(40) D:/project/erlvzihuwai/donkeys-server/node_modules/egg-mock/app.js",
    "start": 1657157411456,
    "end": 1657157411456,
    "duration": 0,
    "pid": 36592,
    "index": 51
  },
  {
    "name": "Require(41) D:/project/erlvzihuwai/donkeys-server/node_modules/@midwayjs/web/app.js",
    "start": 1657157411458,
    "end": 1657157411459,
    "duration": 1,
    "pid": 36592,
    "index": 52
  },
  {
    "name": "Did Load in D:/project/erlvzihuwai/donkeys-server/node_modules/@midwayjs/web/app.js:didLoad",
    "start": 1657157411526,
    "end": 1657157411887,
    "duration": 361,
    "pid": 36592,
    "index": 53
  },
  {
    "name": "Load Service",
    "start": 1657157411527,
    "end": 1657157411578,
    "duration": 51,
    "pid": 36592,
    "index": 54
  },
  {
    "name": "Load \"service\" to Context",
    "start": 1657157411527,
    "end": 1657157411578,
    "duration": 51,
    "pid": 36592,
    "index": 55
  },
  {
    "name": "Load Middleware",
    "start": 1657157411578,
    "end": 1657157411884,
    "duration": 306,
    "pid": 36592,
    "index": 56
  },
  {
    "name": "Load \"middlewares\" to Application",
    "start": 1657157411579,
    "end": 1657157411884,
    "duration": 305,
    "pid": 36592,
    "index": 57
  },
  {
    "name": "Load Controller",
    "start": 1657157411885,
    "end": 1657157411886,
    "duration": 1,
    "pid": 36592,
    "index": 58
  },
  {
    "name": "Load \"controller\" to Application",
    "start": 1657157411885,
    "end": 1657157411886,
    "duration": 1,
    "pid": 36592,
    "index": 59
  },
  {
    "name": "Load Router",
    "start": 1657157411886,
    "end": 1657157411886,
    "duration": 0,
    "pid": 36592,
    "index": 60
  },
  {
    "name": "Will Ready in D:/project/erlvzihuwai/donkeys-server/node_modules/@midwayjs/web/app.js:willReady",
    "start": 1657157411887,
    "end": 1657157413157,
    "duration": 1270,
    "pid": 36592,
    "index": 61
  }
]