[
  {
    "name": "Process Start",
    "start": 1657149252541,
    "end": 1657149265714,
    "duration": 13173,
    "pid": 18672,
    "index": 0
  },
  {
    "name": "Application Start",
    "start": 1657149265715,
    "end": 1657149268220,
    "duration": 2505,
    "pid": 18672,
    "index": 1
  },
  {
    "name": "Load Plugin",
    "start": 1657149265723,
    "end": 1657149265741,
    "duration": 18,
    "pid": 18672,
    "index": 2
  },
  {
    "name": "Load Config",
    "start": 1657149265741,
    "end": 1657149265763,
    "duration": 22,
    "pid": 18672,
    "index": 3
  },
  {
    "name": "Require(0) config/config.default.ts",
    "start": 1657149265741,
    "end": 1657149265741,
    "duration": 0,
    "pid": 18672,
    "index": 4
  },
  {
    "name": "Require(1) config/config.local.ts",
    "start": 1657149265742,
    "end": 1657149265742,
    "duration": 0,
    "pid": 18672,
    "index": 5
  },
  {
    "name": "Require(2) D:/project/erlvzihuwai/donkeys-server/node_modules/egg-session/config/config.default.js",
    "start": 1657149265746,
    "end": 1657149265746,
    "duration": 0,
    "pid": 18672,
    "index": 6
  },
  {
    "name": "Require(3) D:/project/erlvzihuwai/donkeys-server/node_modules/egg-security/config/config.default.js",
    "start": 1657149265746,
    "end": 1657149265746,
    "duration": 0,
    "pid": 18672,
    "index": 7
  },
  {
    "name": "Require(4) D:/project/erlvzihuwai/donkeys-server/node_modules/egg-jsonp/config/config.default.js",
    "start": 1657149265747,
    "end": 1657149265747,
    "duration": 0,
    "pid": 18672,
    "index": 8
  },
  {
    "name": "Require(5) D:/project/erlvzihuwai/donkeys-server/node_modules/egg-onerror/config/config.default.js",
    "start": 1657149265747,
    "end": 1657149265747,
    "duration": 0,
    "pid": 18672,
    "index": 9
  },
  {
    "name": "Require(6) D:/project/erlvzihuwai/donkeys-server/node_modules/egg-i18n/config/config.default.js",
    "start": 1657149265747,
    "end": 1657149265747,
    "duration": 0,
    "pid": 18672,
    "index": 10
  },
  {
    "name": "Require(7) D:/project/erlvzihuwai/donkeys-server/node_modules/egg-schedule/config/config.default.js",
    "start": 1657149265748,
    "end": 1657149265748,
    "duration": 0,
    "pid": 18672,
    "index": 11
  },
  {
    "name": "Require(8) D:/project/erlvzihuwai/donkeys-server/node_modules/egg-multipart/config/config.default.js",
    "start": 1657149265748,
    "end": 1657149265748,
    "duration": 0,
    "pid": 18672,
    "index": 12
  },
  {
    "name": "Require(9) D:/project/erlvzihuwai/donkeys-server/node_modules/egg-static/config/config.default.js",
    "start": 1657149265748,
    "end": 1657149265748,
    "duration": 0,
    "pid": 18672,
    "index": 13
  },
  {
    "name": "Require(10) D:/project/erlvzihuwai/donkeys-server/node_modules/egg/config/config.default.js",
    "start": 1657149265750,
    "end": 1657149265750,
    "duration": 0,
    "pid": 18672,
    "index": 14
  },
  {
    "name": "Require(11) D:/project/erlvzihuwai/donkeys-server/node_modules/@midwayjs/web/config/config.default.js",
    "start": 1657149265752,
    "end": 1657149265752,
    "duration": 0,
    "pid": 18672,
    "index": 15
  },
  {
    "name": "Require(12) config/config.default.ts",
    "start": 1657149265753,
    "end": 1657149265753,
    "duration": 0,
    "pid": 18672,
    "index": 16
  },
  {
    "name": "Require(13) D:/project/erlvzihuwai/donkeys-server/node_modules/egg-security/config/config.local.js",
    "start": 1657149265754,
    "end": 1657149265754,
    "duration": 0,
    "pid": 18672,
    "index": 17
  },
  {
    "name": "Require(14) D:/project/erlvzihuwai/donkeys-server/node_modules/egg/config/config.local.js",
    "start": 1657149265757,
    "end": 1657149265757,
    "duration": 0,
    "pid": 18672,
    "index": 18
  },
  {
    "name": "Require(15) config/config.local.ts",
    "start": 1657149265758,
    "end": 1657149265758,
    "duration": 0,
    "pid": 18672,
    "index": 19
  },
  {
    "name": "Before Start in node_modules/@midwayjs/web/dist/framework/web.js:45:22",
    "start": 1657149265763,
    "end": 1657149266336,
    "duration": 573,
    "pid": 18672,
    "index": 20
  },
  {
    "name": "Load extend/application.js",
    "start": 1657149265802,
    "end": 1657149265841,
    "duration": 39,
    "pid": 18672,
    "index": 21
  },
  {
    "name": "Require(16) D:/project/erlvzihuwai/donkeys-server/node_modules/egg-session/app/extend/application.js",
    "start": 1657149265803,
    "end": 1657149265806,
    "duration": 3,
    "pid": 18672,
    "index": 22
  },
  {
    "name": "Require(17) D:/project/erlvzihuwai/donkeys-server/node_modules/egg-security/app/extend/application.js",
    "start": 1657149265813,
    "end": 1657149265815,
    "duration": 2,
    "pid": 18672,
    "index": 23
  },
  {
    "name": "Require(18) D:/project/erlvzihuwai/donkeys-server/node_modules/egg-jsonp/app/extend/application.js",
    "start": 1657149265816,
    "end": 1657149265818,
    "duration": 2,
    "pid": 18672,
    "index": 24
  },
  {
    "name": "Require(19) D:/project/erlvzihuwai/donkeys-server/node_modules/egg-mock/app/extend/application.js",
    "start": 1657149265822,
    "end": 1657149265830,
    "duration": 8,
    "pid": 18672,
    "index": 25
  },
  {
    "name": "Require(20) D:/project/erlvzihuwai/donkeys-server/node_modules/@midwayjs/mock/app/extend/application.js",
    "start": 1657149265831,
    "end": 1657149265835,
    "duration": 4,
    "pid": 18672,
    "index": 26
  },
  {
    "name": "Require(21) D:/project/erlvzihuwai/donkeys-server/node_modules/@midwayjs/web/app/extend/application.js",
    "start": 1657149265836,
    "end": 1657149265837,
    "duration": 1,
    "pid": 18672,
    "index": 27
  },
  {
    "name": "Load extend/request.js",
    "start": 1657149265841,
    "end": 1657149265865,
    "duration": 24,
    "pid": 18672,
    "index": 28
  },
  {
    "name": "Require(22) D:/project/erlvzihuwai/donkeys-server/node_modules/egg/app/extend/request.js",
    "start": 1657149265849,
    "end": 1657149265852,
    "duration": 3,
    "pid": 18672,
    "index": 29
  },
  {
    "name": "Load extend/response.js",
    "start": 1657149265865,
    "end": 1657149265888,
    "duration": 23,
    "pid": 18672,
    "index": 30
  },
  {
    "name": "Require(23) D:/project/erlvzihuwai/donkeys-server/node_modules/egg/app/extend/response.js",
    "start": 1657149265871,
    "end": 1657149265879,
    "duration": 8,
    "pid": 18672,
    "index": 31
  },
  {
    "name": "Load extend/context.js",
    "start": 1657149265888,
    "end": 1657149265894,
    "duration": 6,
    "pid": 18672,
    "index": 32
  },
  {
    "name": "Require(24) D:/project/erlvzihuwai/donkeys-server/node_modules/egg-security/app/extend/context.js",
    "start": 1657149265888,
    "end": 1657149265888,
    "duration": 0,
    "pid": 18672,
    "index": 33
  },
  {
    "name": "Require(25) D:/project/erlvzihuwai/donkeys-server/node_modules/egg-jsonp/app/extend/context.js",
    "start": 1657149265888,
    "end": 1657149265888,
    "duration": 0,
    "pid": 18672,
    "index": 34
  },
  {
    "name": "Require(26) D:/project/erlvzihuwai/donkeys-server/node_modules/egg-i18n/app/extend/context.js",
    "start": 1657149265889,
    "end": 1657149265889,
    "duration": 0,
    "pid": 18672,
    "index": 35
  },
  {
    "name": "Require(27) D:/project/erlvzihuwai/donkeys-server/node_modules/egg-multipart/app/extend/context.js",
    "start": 1657149265889,
    "end": 1657149265889,
    "duration": 0,
    "pid": 18672,
    "index": 36
  },
  {
    "name": "Require(28) D:/project/erlvzihuwai/donkeys-server/node_modules/egg/app/extend/context.js",
    "start": 1657149265890,
    "end": 1657149265890,
    "duration": 0,
    "pid": 18672,
    "index": 37
  },
  {
    "name": "Require(29) D:/project/erlvzihuwai/donkeys-server/node_modules/@midwayjs/web/app/extend/context.js",
    "start": 1657149265890,
    "end": 1657149265890,
    "duration": 0,
    "pid": 18672,
    "index": 38
  },
  {
    "name": "Load extend/helper.js",
    "start": 1657149265895,
    "end": 1657149265962,
    "duration": 67,
    "pid": 18672,
    "index": 39
  },
  {
    "name": "Require(30) D:/project/erlvzihuwai/donkeys-server/node_modules/egg-security/app/extend/helper.js",
    "start": 1657149265895,
    "end": 1657149265951,
    "duration": 56,
    "pid": 18672,
    "index": 40
  },
  {
    "name": "Require(31) D:/project/erlvzihuwai/donkeys-server/node_modules/egg/app/extend/helper.js",
    "start": 1657149265953,
    "end": 1657149265954,
    "duration": 1,
    "pid": 18672,
    "index": 41
  },
  {
    "name": "Load app.js",
    "start": 1657149265963,
    "end": 1657149266036,
    "duration": 73,
    "pid": 18672,
    "index": 42
  },
  {
    "name": "Require(32) D:/project/erlvzihuwai/donkeys-server/node_modules/egg-session/app.js",
    "start": 1657149265963,
    "end": 1657149265964,
    "duration": 1,
    "pid": 18672,
    "index": 43
  },
  {
    "name": "Require(33) D:/project/erlvzihuwai/donkeys-server/node_modules/egg-security/app.js",
    "start": 1657149265965,
    "end": 1657149265968,
    "duration": 3,
    "pid": 18672,
    "index": 44
  },
  {
    "name": "Require(34) D:/project/erlvzihuwai/donkeys-server/node_modules/egg-onerror/app.js",
    "start": 1657149265969,
    "end": 1657149265986,
    "duration": 17,
    "pid": 18672,
    "index": 45
  },
  {
    "name": "Require(35) D:/project/erlvzihuwai/donkeys-server/node_modules/egg-i18n/app.js",
    "start": 1657149265987,
    "end": 1657149266019,
    "duration": 32,
    "pid": 18672,
    "index": 46
  },
  {
    "name": "Require(36) D:/project/erlvzihuwai/donkeys-server/node_modules/egg-schedule/app.js",
    "start": 1657149266020,
    "end": 1657149266024,
    "duration": 4,
    "pid": 18672,
    "index": 47
  },
  {
    "name": "Require(37) D:/project/erlvzihuwai/donkeys-server/node_modules/egg-multipart/app.js",
    "start": 1657149266024,
    "end": 1657149266027,
    "duration": 3,
    "pid": 18672,
    "index": 48
  },
  {
    "name": "Require(38) D:/project/erlvzihuwai/donkeys-server/node_modules/egg-static/app.js",
    "start": 1657149266028,
    "end": 1657149266029,
    "duration": 1,
    "pid": 18672,
    "index": 49
  },
  {
    "name": "Require(39) D:/project/erlvzihuwai/donkeys-server/node_modules/midway-schedule/app.js",
    "start": 1657149266029,
    "end": 1657149266031,
    "duration": 2,
    "pid": 18672,
    "index": 50
  },
  {
    "name": "Require(40) D:/project/erlvzihuwai/donkeys-server/node_modules/egg-mock/app.js",
    "start": 1657149266031,
    "end": 1657149266032,
    "duration": 1,
    "pid": 18672,
    "index": 51
  },
  {
    "name": "Require(41) D:/project/erlvzihuwai/donkeys-server/node_modules/@midwayjs/web/app.js",
    "start": 1657149266033,
    "end": 1657149266036,
    "duration": 3,
    "pid": 18672,
    "index": 52
  },
  {
    "name": "Did Load in D:/project/erlvzihuwai/donkeys-server/node_modules/@midwayjs/web/app.js:didLoad",
    "start": 1657149266080,
    "end": 1657149266336,
    "duration": 256,
    "pid": 18672,
    "index": 53
  },
  {
    "name": "Load Service",
    "start": 1657149266081,
    "end": 1657149266109,
    "duration": 28,
    "pid": 18672,
    "index": 54
  },
  {
    "name": "Load \"service\" to Context",
    "start": 1657149266081,
    "end": 1657149266109,
    "duration": 28,
    "pid": 18672,
    "index": 55
  },
  {
    "name": "Load Middleware",
    "start": 1657149266111,
    "end": 1657149266333,
    "duration": 222,
    "pid": 18672,
    "index": 56
  },
  {
    "name": "Load \"middlewares\" to Application",
    "start": 1657149266111,
    "end": 1657149266333,
    "duration": 222,
    "pid": 18672,
    "index": 57
  },
  {
    "name": "Load Controller",
    "start": 1657149266333,
    "end": 1657149266335,
    "duration": 2,
    "pid": 18672,
    "index": 58
  },
  {
    "name": "Load \"controller\" to Application",
    "start": 1657149266333,
    "end": 1657149266335,
    "duration": 2,
    "pid": 18672,
    "index": 59
  },
  {
    "name": "Load Router",
    "start": 1657149266335,
    "end": 1657149266336,
    "duration": 1,
    "pid": 18672,
    "index": 60
  },
  {
    "name": "Will Ready in D:/project/erlvzihuwai/donkeys-server/node_modules/@midwayjs/web/app.js:willReady",
    "start": 1657149266336,
    "end": 1657149268200,
    "duration": 1864,
    "pid": 18672,
    "index": 61
  }
]