[
  {
    "name": "Process Start",
    "start": 1657157484642,
    "end": 1657157502476,
    "duration": 17834,
    "pid": 15144,
    "index": 0
  },
  {
    "name": "Application Start",
    "start": 1657157502477,
    "end": 1657157504617,
    "duration": 2140,
    "pid": 15144,
    "index": 1
  },
  {
    "name": "Load Plugin",
    "start": 1657157502482,
    "end": 1657157502494,
    "duration": 12,
    "pid": 15144,
    "index": 2
  },
  {
    "name": "Load Config",
    "start": 1657157502494,
    "end": 1657157502513,
    "duration": 19,
    "pid": 15144,
    "index": 3
  },
  {
    "name": "Require(0) config/config.default.ts",
    "start": 1657157502495,
    "end": 1657157502495,
    "duration": 0,
    "pid": 15144,
    "index": 4
  },
  {
    "name": "Require(1) config/config.local.ts",
    "start": 1657157502495,
    "end": 1657157502495,
    "duration": 0,
    "pid": 15144,
    "index": 5
  },
  {
    "name": "Require(2) D:/project/erlvzihuwai/donkeys-server/node_modules/egg-session/config/config.default.js",
    "start": 1657157502499,
    "end": 1657157502499,
    "duration": 0,
    "pid": 15144,
    "index": 6
  },
  {
    "name": "Require(3) D:/project/erlvzihuwai/donkeys-server/node_modules/egg-security/config/config.default.js",
    "start": 1657157502499,
    "end": 1657157502499,
    "duration": 0,
    "pid": 15144,
    "index": 7
  },
  {
    "name": "Require(4) D:/project/erlvzihuwai/donkeys-server/node_modules/egg-jsonp/config/config.default.js",
    "start": 1657157502499,
    "end": 1657157502499,
    "duration": 0,
    "pid": 15144,
    "index": 8
  },
  {
    "name": "Require(5) D:/project/erlvzihuwai/donkeys-server/node_modules/egg-onerror/config/config.default.js",
    "start": 1657157502499,
    "end": 1657157502499,
    "duration": 0,
    "pid": 15144,
    "index": 9
  },
  {
    "name": "Require(6) D:/project/erlvzihuwai/donkeys-server/node_modules/egg-i18n/config/config.default.js",
    "start": 1657157502499,
    "end": 1657157502499,
    "duration": 0,
    "pid": 15144,
    "index": 10
  },
  {
    "name": "Require(7) D:/project/erlvzihuwai/donkeys-server/node_modules/egg-schedule/config/config.default.js",
    "start": 1657157502499,
    "end": 1657157502499,
    "duration": 0,
    "pid": 15144,
    "index": 11
  },
  {
    "name": "Require(8) D:/project/erlvzihuwai/donkeys-server/node_modules/egg-multipart/config/config.default.js",
    "start": 1657157502500,
    "end": 1657157502500,
    "duration": 0,
    "pid": 15144,
    "index": 12
  },
  {
    "name": "Require(9) D:/project/erlvzihuwai/donkeys-server/node_modules/egg-static/config/config.default.js",
    "start": 1657157502500,
    "end": 1657157502500,
    "duration": 0,
    "pid": 15144,
    "index": 13
  },
  {
    "name": "Require(10) D:/project/erlvzihuwai/donkeys-server/node_modules/egg/config/config.default.js",
    "start": 1657157502502,
    "end": 1657157502502,
    "duration": 0,
    "pid": 15144,
    "index": 14
  },
  {
    "name": "Require(11) D:/project/erlvzihuwai/donkeys-server/node_modules/@midwayjs/web/config/config.default.js",
    "start": 1657157502503,
    "end": 1657157502503,
    "duration": 0,
    "pid": 15144,
    "index": 15
  },
  {
    "name": "Require(12) config/config.default.ts",
    "start": 1657157502504,
    "end": 1657157502504,
    "duration": 0,
    "pid": 15144,
    "index": 16
  },
  {
    "name": "Require(13) D:/project/erlvzihuwai/donkeys-server/node_modules/egg-security/config/config.local.js",
    "start": 1657157502505,
    "end": 1657157502505,
    "duration": 0,
    "pid": 15144,
    "index": 17
  },
  {
    "name": "Require(14) D:/project/erlvzihuwai/donkeys-server/node_modules/egg/config/config.local.js",
    "start": 1657157502511,
    "end": 1657157502511,
    "duration": 0,
    "pid": 15144,
    "index": 18
  },
  {
    "name": "Require(15) config/config.local.ts",
    "start": 1657157502511,
    "end": 1657157502511,
    "duration": 0,
    "pid": 15144,
    "index": 19
  },
  {
    "name": "Before Start in node_modules/@midwayjs/web/dist/framework/web.js:45:22",
    "start": 1657157502514,
    "end": 1657157503086,
    "duration": 572,
    "pid": 15144,
    "index": 20
  },
  {
    "name": "Load extend/application.js",
    "start": 1657157502536,
    "end": 1657157502554,
    "duration": 18,
    "pid": 15144,
    "index": 21
  },
  {
    "name": "Require(16) D:/project/erlvzihuwai/donkeys-server/node_modules/egg-session/app/extend/application.js",
    "start": 1657157502536,
    "end": 1657157502537,
    "duration": 1,
    "pid": 15144,
    "index": 22
  },
  {
    "name": "Require(17) D:/project/erlvzihuwai/donkeys-server/node_modules/egg-security/app/extend/application.js",
    "start": 1657157502538,
    "end": 1657157502541,
    "duration": 3,
    "pid": 15144,
    "index": 23
  },
  {
    "name": "Require(18) D:/project/erlvzihuwai/donkeys-server/node_modules/egg-jsonp/app/extend/application.js",
    "start": 1657157502543,
    "end": 1657157502545,
    "duration": 2,
    "pid": 15144,
    "index": 24
  },
  {
    "name": "Require(19) D:/project/erlvzihuwai/donkeys-server/node_modules/egg-mock/app/extend/application.js",
    "start": 1657157502547,
    "end": 1657157502550,
    "duration": 3,
    "pid": 15144,
    "index": 25
  },
  {
    "name": "Require(20) D:/project/erlvzihuwai/donkeys-server/node_modules/@midwayjs/mock/app/extend/application.js",
    "start": 1657157502550,
    "end": 1657157502551,
    "duration": 1,
    "pid": 15144,
    "index": 26
  },
  {
    "name": "Require(21) D:/project/erlvzihuwai/donkeys-server/node_modules/@midwayjs/web/app/extend/application.js",
    "start": 1657157502552,
    "end": 1657157502552,
    "duration": 0,
    "pid": 15144,
    "index": 27
  },
  {
    "name": "Load extend/request.js",
    "start": 1657157502554,
    "end": 1657157502564,
    "duration": 10,
    "pid": 15144,
    "index": 28
  },
  {
    "name": "Require(22) D:/project/erlvzihuwai/donkeys-server/node_modules/egg/app/extend/request.js",
    "start": 1657157502559,
    "end": 1657157502561,
    "duration": 2,
    "pid": 15144,
    "index": 29
  },
  {
    "name": "Load extend/response.js",
    "start": 1657157502565,
    "end": 1657157502573,
    "duration": 8,
    "pid": 15144,
    "index": 30
  },
  {
    "name": "Require(23) D:/project/erlvzihuwai/donkeys-server/node_modules/egg/app/extend/response.js",
    "start": 1657157502566,
    "end": 1657157502570,
    "duration": 4,
    "pid": 15144,
    "index": 31
  },
  {
    "name": "Load extend/context.js",
    "start": 1657157502574,
    "end": 1657157502582,
    "duration": 8,
    "pid": 15144,
    "index": 32
  },
  {
    "name": "Require(24) D:/project/erlvzihuwai/donkeys-server/node_modules/egg-security/app/extend/context.js",
    "start": 1657157502574,
    "end": 1657157502574,
    "duration": 0,
    "pid": 15144,
    "index": 33
  },
  {
    "name": "Require(25) D:/project/erlvzihuwai/donkeys-server/node_modules/egg-jsonp/app/extend/context.js",
    "start": 1657157502575,
    "end": 1657157502575,
    "duration": 0,
    "pid": 15144,
    "index": 34
  },
  {
    "name": "Require(26) D:/project/erlvzihuwai/donkeys-server/node_modules/egg-i18n/app/extend/context.js",
    "start": 1657157502575,
    "end": 1657157502575,
    "duration": 0,
    "pid": 15144,
    "index": 35
  },
  {
    "name": "Require(27) D:/project/erlvzihuwai/donkeys-server/node_modules/egg-multipart/app/extend/context.js",
    "start": 1657157502575,
    "end": 1657157502575,
    "duration": 0,
    "pid": 15144,
    "index": 36
  },
  {
    "name": "Require(28) D:/project/erlvzihuwai/donkeys-server/node_modules/egg/app/extend/context.js",
    "start": 1657157502577,
    "end": 1657157502577,
    "duration": 0,
    "pid": 15144,
    "index": 37
  },
  {
    "name": "Require(29) D:/project/erlvzihuwai/donkeys-server/node_modules/@midwayjs/web/app/extend/context.js",
    "start": 1657157502578,
    "end": 1657157502578,
    "duration": 0,
    "pid": 15144,
    "index": 38
  },
  {
    "name": "Load extend/helper.js",
    "start": 1657157502582,
    "end": 1657157502636,
    "duration": 54,
    "pid": 15144,
    "index": 39
  },
  {
    "name": "Require(30) D:/project/erlvzihuwai/donkeys-server/node_modules/egg-security/app/extend/helper.js",
    "start": 1657157502583,
    "end": 1657157502627,
    "duration": 44,
    "pid": 15144,
    "index": 40
  },
  {
    "name": "Require(31) D:/project/erlvzihuwai/donkeys-server/node_modules/egg/app/extend/helper.js",
    "start": 1657157502631,
    "end": 1657157502632,
    "duration": 1,
    "pid": 15144,
    "index": 41
  },
  {
    "name": "Load app.js",
    "start": 1657157502636,
    "end": 1657157502752,
    "duration": 116,
    "pid": 15144,
    "index": 42
  },
  {
    "name": "Require(32) D:/project/erlvzihuwai/donkeys-server/node_modules/egg-session/app.js",
    "start": 1657157502636,
    "end": 1657157502638,
    "duration": 2,
    "pid": 15144,
    "index": 43
  },
  {
    "name": "Require(33) D:/project/erlvzihuwai/donkeys-server/node_modules/egg-security/app.js",
    "start": 1657157502641,
    "end": 1657157502644,
    "duration": 3,
    "pid": 15144,
    "index": 44
  },
  {
    "name": "Require(34) D:/project/erlvzihuwai/donkeys-server/node_modules/egg-onerror/app.js",
    "start": 1657157502645,
    "end": 1657157502694,
    "duration": 49,
    "pid": 15144,
    "index": 45
  },
  {
    "name": "Require(35) D:/project/erlvzihuwai/donkeys-server/node_modules/egg-i18n/app.js",
    "start": 1657157502694,
    "end": 1657157502734,
    "duration": 40,
    "pid": 15144,
    "index": 46
  },
  {
    "name": "Require(36) D:/project/erlvzihuwai/donkeys-server/node_modules/egg-schedule/app.js",
    "start": 1657157502735,
    "end": 1657157502737,
    "duration": 2,
    "pid": 15144,
    "index": 47
  },
  {
    "name": "Require(37) D:/project/erlvzihuwai/donkeys-server/node_modules/egg-multipart/app.js",
    "start": 1657157502737,
    "end": 1657157502741,
    "duration": 4,
    "pid": 15144,
    "index": 48
  },
  {
    "name": "Require(38) D:/project/erlvzihuwai/donkeys-server/node_modules/egg-static/app.js",
    "start": 1657157502742,
    "end": 1657157502742,
    "duration": 0,
    "pid": 15144,
    "index": 49
  },
  {
    "name": "Require(39) D:/project/erlvzihuwai/donkeys-server/node_modules/midway-schedule/app.js",
    "start": 1657157502743,
    "end": 1657157502747,
    "duration": 4,
    "pid": 15144,
    "index": 50
  },
  {
    "name": "Require(40) D:/project/erlvzihuwai/donkeys-server/node_modules/egg-mock/app.js",
    "start": 1657157502748,
    "end": 1657157502749,
    "duration": 1,
    "pid": 15144,
    "index": 51
  },
  {
    "name": "Require(41) D:/project/erlvzihuwai/donkeys-server/node_modules/@midwayjs/web/app.js",
    "start": 1657157502751,
    "end": 1657157502752,
    "duration": 1,
    "pid": 15144,
    "index": 52
  },
  {
    "name": "Did Load in D:/project/erlvzihuwai/donkeys-server/node_modules/@midwayjs/web/app.js:didLoad",
    "start": 1657157502787,
    "end": 1657157503086,
    "duration": 299,
    "pid": 15144,
    "index": 53
  },
  {
    "name": "Load Service",
    "start": 1657157502787,
    "end": 1657157502816,
    "duration": 29,
    "pid": 15144,
    "index": 54
  },
  {
    "name": "Load \"service\" to Context",
    "start": 1657157502787,
    "end": 1657157502816,
    "duration": 29,
    "pid": 15144,
    "index": 55
  },
  {
    "name": "Load Middleware",
    "start": 1657157502816,
    "end": 1657157503084,
    "duration": 268,
    "pid": 15144,
    "index": 56
  },
  {
    "name": "Load \"middlewares\" to Application",
    "start": 1657157502816,
    "end": 1657157503084,
    "duration": 268,
    "pid": 15144,
    "index": 57
  },
  {
    "name": "Load Controller",
    "start": 1657157503085,
    "end": 1657157503086,
    "duration": 1,
    "pid": 15144,
    "index": 58
  },
  {
    "name": "Load \"controller\" to Application",
    "start": 1657157503085,
    "end": 1657157503086,
    "duration": 1,
    "pid": 15144,
    "index": 59
  },
  {
    "name": "Load Router",
    "start": 1657157503086,
    "end": 1657157503086,
    "duration": 0,
    "pid": 15144,
    "index": 60
  },
  {
    "name": "Will Ready in D:/project/erlvzihuwai/donkeys-server/node_modules/@midwayjs/web/app.js:willReady",
    "start": 1657157503087,
    "end": 1657157504600,
    "duration": 1513,
    "pid": 15144,
    "index": 61
  }
]