[
  {
    "name": "Process Start",
    "start": 1657174747066,
    "end": 1657174769970,
    "duration": 22904,
    "pid": 26260,
    "index": 0
  },
  {
    "name": "Application Start",
    "start": 1657174769971,
    "end": 1657174774193,
    "duration": 4222,
    "pid": 26260,
    "index": 1
  },
  {
    "name": "Load Plugin",
    "start": 1657174769979,
    "end": 1657174770008,
    "duration": 29,
    "pid": 26260,
    "index": 2
  },
  {
    "name": "Load Config",
    "start": 1657174770008,
    "end": 1657174770070,
    "duration": 62,
    "pid": 26260,
    "index": 3
  },
  {
    "name": "Require(0) config/config.default.ts",
    "start": 1657174770009,
    "end": 1657174770009,
    "duration": 0,
    "pid": 26260,
    "index": 4
  },
  {
    "name": "Require(1) config/config.local.ts",
    "start": 1657174770009,
    "end": 1657174770009,
    "duration": 0,
    "pid": 26260,
    "index": 5
  },
  {
    "name": "Require(2) D:/project/erlvzihuwai/donkeys-server/node_modules/egg-session/config/config.default.js",
    "start": 1657174770012,
    "end": 1657174770012,
    "duration": 0,
    "pid": 26260,
    "index": 6
  },
  {
    "name": "Require(3) D:/project/erlvzihuwai/donkeys-server/node_modules/egg-security/config/config.default.js",
    "start": 1657174770012,
    "end": 1657174770012,
    "duration": 0,
    "pid": 26260,
    "index": 7
  },
  {
    "name": "Require(4) D:/project/erlvzihuwai/donkeys-server/node_modules/egg-jsonp/config/config.default.js",
    "start": 1657174770012,
    "end": 1657174770013,
    "duration": 1,
    "pid": 26260,
    "index": 8
  },
  {
    "name": "Require(5) D:/project/erlvzihuwai/donkeys-server/node_modules/egg-onerror/config/config.default.js",
    "start": 1657174770013,
    "end": 1657174770013,
    "duration": 0,
    "pid": 26260,
    "index": 9
  },
  {
    "name": "Require(6) D:/project/erlvzihuwai/donkeys-server/node_modules/egg-i18n/config/config.default.js",
    "start": 1657174770013,
    "end": 1657174770013,
    "duration": 0,
    "pid": 26260,
    "index": 10
  },
  {
    "name": "Require(7) D:/project/erlvzihuwai/donkeys-server/node_modules/egg-schedule/config/config.default.js",
    "start": 1657174770013,
    "end": 1657174770013,
    "duration": 0,
    "pid": 26260,
    "index": 11
  },
  {
    "name": "Require(8) D:/project/erlvzihuwai/donkeys-server/node_modules/egg-multipart/config/config.default.js",
    "start": 1657174770013,
    "end": 1657174770013,
    "duration": 0,
    "pid": 26260,
    "index": 12
  },
  {
    "name": "Require(9) D:/project/erlvzihuwai/donkeys-server/node_modules/egg-static/config/config.default.js",
    "start": 1657174770014,
    "end": 1657174770014,
    "duration": 0,
    "pid": 26260,
    "index": 13
  },
  {
    "name": "Require(10) D:/project/erlvzihuwai/donkeys-server/node_modules/egg/config/config.default.js",
    "start": 1657174770017,
    "end": 1657174770017,
    "duration": 0,
    "pid": 26260,
    "index": 14
  },
  {
    "name": "Require(11) D:/project/erlvzihuwai/donkeys-server/node_modules/@midwayjs/web/config/config.default.js",
    "start": 1657174770021,
    "end": 1657174770021,
    "duration": 0,
    "pid": 26260,
    "index": 15
  },
  {
    "name": "Require(12) config/config.default.ts",
    "start": 1657174770023,
    "end": 1657174770031,
    "duration": 8,
    "pid": 26260,
    "index": 16
  },
  {
    "name": "Require(13) D:/project/erlvzihuwai/donkeys-server/node_modules/egg-security/config/config.local.js",
    "start": 1657174770032,
    "end": 1657174770032,
    "duration": 0,
    "pid": 26260,
    "index": 17
  },
  {
    "name": "Require(14) D:/project/erlvzihuwai/donkeys-server/node_modules/egg/config/config.local.js",
    "start": 1657174770042,
    "end": 1657174770043,
    "duration": 1,
    "pid": 26260,
    "index": 18
  },
  {
    "name": "Require(15) config/config.local.ts",
    "start": 1657174770068,
    "end": 1657174770068,
    "duration": 0,
    "pid": 26260,
    "index": 19
  },
  {
    "name": "Before Start in node_modules/@midwayjs/web/dist/framework/web.js:45:22",
    "start": 1657174770070,
    "end": 1657174770973,
    "duration": 903,
    "pid": 26260,
    "index": 20
  },
  {
    "name": "Load extend/application.js",
    "start": 1657174770131,
    "end": 1657174770171,
    "duration": 40,
    "pid": 26260,
    "index": 21
  },
  {
    "name": "Require(16) D:/project/erlvzihuwai/donkeys-server/node_modules/egg-session/app/extend/application.js",
    "start": 1657174770132,
    "end": 1657174770146,
    "duration": 14,
    "pid": 26260,
    "index": 22
  },
  {
    "name": "Require(17) D:/project/erlvzihuwai/donkeys-server/node_modules/egg-security/app/extend/application.js",
    "start": 1657174770146,
    "end": 1657174770147,
    "duration": 1,
    "pid": 26260,
    "index": 23
  },
  {
    "name": "Require(18) D:/project/erlvzihuwai/donkeys-server/node_modules/egg-jsonp/app/extend/application.js",
    "start": 1657174770148,
    "end": 1657174770150,
    "duration": 2,
    "pid": 26260,
    "index": 24
  },
  {
    "name": "Require(19) D:/project/erlvzihuwai/donkeys-server/node_modules/egg-mock/app/extend/application.js",
    "start": 1657174770152,
    "end": 1657174770160,
    "duration": 8,
    "pid": 26260,
    "index": 25
  },
  {
    "name": "Require(20) D:/project/erlvzihuwai/donkeys-server/node_modules/@midwayjs/mock/app/extend/application.js",
    "start": 1657174770161,
    "end": 1657174770164,
    "duration": 3,
    "pid": 26260,
    "index": 26
  },
  {
    "name": "Require(21) D:/project/erlvzihuwai/donkeys-server/node_modules/@midwayjs/web/app/extend/application.js",
    "start": 1657174770165,
    "end": 1657174770166,
    "duration": 1,
    "pid": 26260,
    "index": 27
  },
  {
    "name": "Load extend/request.js",
    "start": 1657174770171,
    "end": 1657174770185,
    "duration": 14,
    "pid": 26260,
    "index": 28
  },
  {
    "name": "Require(22) D:/project/erlvzihuwai/donkeys-server/node_modules/egg/app/extend/request.js",
    "start": 1657174770178,
    "end": 1657174770180,
    "duration": 2,
    "pid": 26260,
    "index": 29
  },
  {
    "name": "Load extend/response.js",
    "start": 1657174770185,
    "end": 1657174770216,
    "duration": 31,
    "pid": 26260,
    "index": 30
  },
  {
    "name": "Require(23) D:/project/erlvzihuwai/donkeys-server/node_modules/egg/app/extend/response.js",
    "start": 1657174770188,
    "end": 1657174770205,
    "duration": 17,
    "pid": 26260,
    "index": 31
  },
  {
    "name": "Load extend/context.js",
    "start": 1657174770216,
    "end": 1657174770230,
    "duration": 14,
    "pid": 26260,
    "index": 32
  },
  {
    "name": "Require(24) D:/project/erlvzihuwai/donkeys-server/node_modules/egg-security/app/extend/context.js",
    "start": 1657174770217,
    "end": 1657174770217,
    "duration": 0,
    "pid": 26260,
    "index": 33
  },
  {
    "name": "Require(25) D:/project/erlvzihuwai/donkeys-server/node_modules/egg-jsonp/app/extend/context.js",
    "start": 1657174770217,
    "end": 1657174770217,
    "duration": 0,
    "pid": 26260,
    "index": 34
  },
  {
    "name": "Require(26) D:/project/erlvzihuwai/donkeys-server/node_modules/egg-i18n/app/extend/context.js",
    "start": 1657174770218,
    "end": 1657174770218,
    "duration": 0,
    "pid": 26260,
    "index": 35
  },
  {
    "name": "Require(27) D:/project/erlvzihuwai/donkeys-server/node_modules/egg-multipart/app/extend/context.js",
    "start": 1657174770218,
    "end": 1657174770218,
    "duration": 0,
    "pid": 26260,
    "index": 36
  },
  {
    "name": "Require(28) D:/project/erlvzihuwai/donkeys-server/node_modules/egg/app/extend/context.js",
    "start": 1657174770221,
    "end": 1657174770221,
    "duration": 0,
    "pid": 26260,
    "index": 37
  },
  {
    "name": "Require(29) D:/project/erlvzihuwai/donkeys-server/node_modules/@midwayjs/web/app/extend/context.js",
    "start": 1657174770221,
    "end": 1657174770222,
    "duration": 1,
    "pid": 26260,
    "index": 38
  },
  {
    "name": "Load extend/helper.js",
    "start": 1657174770230,
    "end": 1657174770316,
    "duration": 86,
    "pid": 26260,
    "index": 39
  },
  {
    "name": "Require(30) D:/project/erlvzihuwai/donkeys-server/node_modules/egg-security/app/extend/helper.js",
    "start": 1657174770232,
    "end": 1657174770305,
    "duration": 73,
    "pid": 26260,
    "index": 40
  },
  {
    "name": "Require(31) D:/project/erlvzihuwai/donkeys-server/node_modules/egg/app/extend/helper.js",
    "start": 1657174770310,
    "end": 1657174770311,
    "duration": 1,
    "pid": 26260,
    "index": 41
  },
  {
    "name": "Load app.js",
    "start": 1657174770317,
    "end": 1657174770403,
    "duration": 86,
    "pid": 26260,
    "index": 42
  },
  {
    "name": "Require(32) D:/project/erlvzihuwai/donkeys-server/node_modules/egg-session/app.js",
    "start": 1657174770317,
    "end": 1657174770318,
    "duration": 1,
    "pid": 26260,
    "index": 43
  },
  {
    "name": "Require(33) D:/project/erlvzihuwai/donkeys-server/node_modules/egg-security/app.js",
    "start": 1657174770318,
    "end": 1657174770321,
    "duration": 3,
    "pid": 26260,
    "index": 44
  },
  {
    "name": "Require(34) D:/project/erlvzihuwai/donkeys-server/node_modules/egg-onerror/app.js",
    "start": 1657174770322,
    "end": 1657174770348,
    "duration": 26,
    "pid": 26260,
    "index": 45
  },
  {
    "name": "Require(35) D:/project/erlvzihuwai/donkeys-server/node_modules/egg-i18n/app.js",
    "start": 1657174770348,
    "end": 1657174770387,
    "duration": 39,
    "pid": 26260,
    "index": 46
  },
  {
    "name": "Require(36) D:/project/erlvzihuwai/donkeys-server/node_modules/egg-schedule/app.js",
    "start": 1657174770388,
    "end": 1657174770389,
    "duration": 1,
    "pid": 26260,
    "index": 47
  },
  {
    "name": "Require(37) D:/project/erlvzihuwai/donkeys-server/node_modules/egg-multipart/app.js",
    "start": 1657174770392,
    "end": 1657174770395,
    "duration": 3,
    "pid": 26260,
    "index": 48
  },
  {
    "name": "Require(38) D:/project/erlvzihuwai/donkeys-server/node_modules/egg-static/app.js",
    "start": 1657174770396,
    "end": 1657174770397,
    "duration": 1,
    "pid": 26260,
    "index": 49
  },
  {
    "name": "Require(39) D:/project/erlvzihuwai/donkeys-server/node_modules/midway-schedule/app.js",
    "start": 1657174770397,
    "end": 1657174770398,
    "duration": 1,
    "pid": 26260,
    "index": 50
  },
  {
    "name": "Require(40) D:/project/erlvzihuwai/donkeys-server/node_modules/egg-mock/app.js",
    "start": 1657174770399,
    "end": 1657174770399,
    "duration": 0,
    "pid": 26260,
    "index": 51
  },
  {
    "name": "Require(41) D:/project/erlvzihuwai/donkeys-server/node_modules/@midwayjs/web/app.js",
    "start": 1657174770401,
    "end": 1657174770402,
    "duration": 1,
    "pid": 26260,
    "index": 52
  },
  {
    "name": "Did Load in D:/project/erlvzihuwai/donkeys-server/node_modules/@midwayjs/web/app.js:didLoad",
    "start": 1657174770443,
    "end": 1657174770973,
    "duration": 530,
    "pid": 26260,
    "index": 53
  },
  {
    "name": "Load Service",
    "start": 1657174770444,
    "end": 1657174770470,
    "duration": 26,
    "pid": 26260,
    "index": 54
  },
  {
    "name": "Load \"service\" to Context",
    "start": 1657174770445,
    "end": 1657174770470,
    "duration": 25,
    "pid": 26260,
    "index": 55
  },
  {
    "name": "Load Middleware",
    "start": 1657174770471,
    "end": 1657174770970,
    "duration": 499,
    "pid": 26260,
    "index": 56
  },
  {
    "name": "Load \"middlewares\" to Application",
    "start": 1657174770471,
    "end": 1657174770970,
    "duration": 499,
    "pid": 26260,
    "index": 57
  },
  {
    "name": "Load Controller",
    "start": 1657174770970,
    "end": 1657174770972,
    "duration": 2,
    "pid": 26260,
    "index": 58
  },
  {
    "name": "Load \"controller\" to Application",
    "start": 1657174770970,
    "end": 1657174770972,
    "duration": 2,
    "pid": 26260,
    "index": 59
  },
  {
    "name": "Load Router",
    "start": 1657174770972,
    "end": 1657174770972,
    "duration": 0,
    "pid": 26260,
    "index": 60
  },
  {
    "name": "Will Ready in D:/project/erlvzihuwai/donkeys-server/node_modules/@midwayjs/web/app.js:willReady",
    "start": 1657174771000,
    "end": 1657174774172,
    "duration": 3172,
    "pid": 26260,
    "index": 61
  }
]