[
  {
    "name": "Process Start",
    "start": 1657126812018,
    "end": 1657126845989,
    "duration": 33971,
    "pid": 23292,
    "index": 0
  },
  {
    "name": "Application Start",
    "start": 1657126845990,
    "end": 1657126850455,
    "duration": 4465,
    "pid": 23292,
    "index": 1
  },
  {
    "name": "Load Plugin",
    "start": 1657126845998,
    "end": 1657126846019,
    "duration": 21,
    "pid": 23292,
    "index": 2
  },
  {
    "name": "Load Config",
    "start": 1657126846019,
    "end": 1657126846103,
    "duration": 84,
    "pid": 23292,
    "index": 3
  },
  {
    "name": "Require(0) config/config.default.ts",
    "start": 1657126846019,
    "end": 1657126846019,
    "duration": 0,
    "pid": 23292,
    "index": 4
  },
  {
    "name": "Require(1) config/config.local.ts",
    "start": 1657126846019,
    "end": 1657126846019,
    "duration": 0,
    "pid": 23292,
    "index": 5
  },
  {
    "name": "Require(2) D:/project/erlvzihuwai/donkeys-server/node_modules/egg-session/config/config.default.js",
    "start": 1657126846022,
    "end": 1657126846022,
    "duration": 0,
    "pid": 23292,
    "index": 6
  },
  {
    "name": "Require(3) D:/project/erlvzihuwai/donkeys-server/node_modules/egg-security/config/config.default.js",
    "start": 1657126846023,
    "end": 1657126846023,
    "duration": 0,
    "pid": 23292,
    "index": 7
  },
  {
    "name": "Require(4) D:/project/erlvzihuwai/donkeys-server/node_modules/egg-jsonp/config/config.default.js",
    "start": 1657126846023,
    "end": 1657126846023,
    "duration": 0,
    "pid": 23292,
    "index": 8
  },
  {
    "name": "Require(5) D:/project/erlvzihuwai/donkeys-server/node_modules/egg-onerror/config/config.default.js",
    "start": 1657126846023,
    "end": 1657126846023,
    "duration": 0,
    "pid": 23292,
    "index": 9
  },
  {
    "name": "Require(6) D:/project/erlvzihuwai/donkeys-server/node_modules/egg-i18n/config/config.default.js",
    "start": 1657126846023,
    "end": 1657126846023,
    "duration": 0,
    "pid": 23292,
    "index": 10
  },
  {
    "name": "Require(7) D:/project/erlvzihuwai/donkeys-server/node_modules/egg-schedule/config/config.default.js",
    "start": 1657126846023,
    "end": 1657126846023,
    "duration": 0,
    "pid": 23292,
    "index": 11
  },
  {
    "name": "Require(8) D:/project/erlvzihuwai/donkeys-server/node_modules/egg-multipart/config/config.default.js",
    "start": 1657126846024,
    "end": 1657126846024,
    "duration": 0,
    "pid": 23292,
    "index": 12
  },
  {
    "name": "Require(9) D:/project/erlvzihuwai/donkeys-server/node_modules/egg-static/config/config.default.js",
    "start": 1657126846024,
    "end": 1657126846024,
    "duration": 0,
    "pid": 23292,
    "index": 13
  },
  {
    "name": "Require(10) D:/project/erlvzihuwai/donkeys-server/node_modules/egg/config/config.default.js",
    "start": 1657126846026,
    "end": 1657126846026,
    "duration": 0,
    "pid": 23292,
    "index": 14
  },
  {
    "name": "Require(11) D:/project/erlvzihuwai/donkeys-server/node_modules/@midwayjs/web/config/config.default.js",
    "start": 1657126846029,
    "end": 1657126846029,
    "duration": 0,
    "pid": 23292,
    "index": 15
  },
  {
    "name": "Require(12) config/config.default.ts",
    "start": 1657126846030,
    "end": 1657126846030,
    "duration": 0,
    "pid": 23292,
    "index": 16
  },
  {
    "name": "Require(13) D:/project/erlvzihuwai/donkeys-server/node_modules/egg-security/config/config.local.js",
    "start": 1657126846030,
    "end": 1657126846030,
    "duration": 0,
    "pid": 23292,
    "index": 17
  },
  {
    "name": "Require(14) D:/project/erlvzihuwai/donkeys-server/node_modules/egg/config/config.local.js",
    "start": 1657126846032,
    "end": 1657126846032,
    "duration": 0,
    "pid": 23292,
    "index": 18
  },
  {
    "name": "Require(15) config/config.local.ts",
    "start": 1657126846033,
    "end": 1657126846033,
    "duration": 0,
    "pid": 23292,
    "index": 19
  },
  {
    "name": "Before Start in node_modules/@midwayjs/web/dist/framework/web.js:45:22",
    "start": 1657126846104,
    "end": 1657126847942,
    "duration": 1838,
    "pid": 23292,
    "index": 20
  },
  {
    "name": "Load extend/application.js",
    "start": 1657126846131,
    "end": 1657126846243,
    "duration": 112,
    "pid": 23292,
    "index": 21
  },
  {
    "name": "Require(16) D:/project/erlvzihuwai/donkeys-server/node_modules/egg-session/app/extend/application.js",
    "start": 1657126846132,
    "end": 1657126846133,
    "duration": 1,
    "pid": 23292,
    "index": 22
  },
  {
    "name": "Require(17) D:/project/erlvzihuwai/donkeys-server/node_modules/egg-security/app/extend/application.js",
    "start": 1657126846136,
    "end": 1657126846137,
    "duration": 1,
    "pid": 23292,
    "index": 23
  },
  {
    "name": "Require(18) D:/project/erlvzihuwai/donkeys-server/node_modules/egg-jsonp/app/extend/application.js",
    "start": 1657126846137,
    "end": 1657126846139,
    "duration": 2,
    "pid": 23292,
    "index": 24
  },
  {
    "name": "Require(19) D:/project/erlvzihuwai/donkeys-server/node_modules/egg-mock/app/extend/application.js",
    "start": 1657126846226,
    "end": 1657126846233,
    "duration": 7,
    "pid": 23292,
    "index": 25
  },
  {
    "name": "Require(20) D:/project/erlvzihuwai/donkeys-server/node_modules/@midwayjs/mock/app/extend/application.js",
    "start": 1657126846234,
    "end": 1657126846236,
    "duration": 2,
    "pid": 23292,
    "index": 26
  },
  {
    "name": "Require(21) D:/project/erlvzihuwai/donkeys-server/node_modules/@midwayjs/web/app/extend/application.js",
    "start": 1657126846237,
    "end": 1657126846238,
    "duration": 1,
    "pid": 23292,
    "index": 27
  },
  {
    "name": "Load extend/request.js",
    "start": 1657126846243,
    "end": 1657126846255,
    "duration": 12,
    "pid": 23292,
    "index": 28
  },
  {
    "name": "Require(22) D:/project/erlvzihuwai/donkeys-server/node_modules/egg/app/extend/request.js",
    "start": 1657126846248,
    "end": 1657126846251,
    "duration": 3,
    "pid": 23292,
    "index": 29
  },
  {
    "name": "Load extend/response.js",
    "start": 1657126846256,
    "end": 1657126846330,
    "duration": 74,
    "pid": 23292,
    "index": 30
  },
  {
    "name": "Require(23) D:/project/erlvzihuwai/donkeys-server/node_modules/egg/app/extend/response.js",
    "start": 1657126846258,
    "end": 1657126846322,
    "duration": 64,
    "pid": 23292,
    "index": 31
  },
  {
    "name": "Load extend/context.js",
    "start": 1657126846330,
    "end": 1657126846407,
    "duration": 77,
    "pid": 23292,
    "index": 32
  },
  {
    "name": "Require(24) D:/project/erlvzihuwai/donkeys-server/node_modules/egg-security/app/extend/context.js",
    "start": 1657126846331,
    "end": 1657126846331,
    "duration": 0,
    "pid": 23292,
    "index": 33
  },
  {
    "name": "Require(25) D:/project/erlvzihuwai/donkeys-server/node_modules/egg-jsonp/app/extend/context.js",
    "start": 1657126846331,
    "end": 1657126846331,
    "duration": 0,
    "pid": 23292,
    "index": 34
  },
  {
    "name": "Require(26) D:/project/erlvzihuwai/donkeys-server/node_modules/egg-i18n/app/extend/context.js",
    "start": 1657126846331,
    "end": 1657126846331,
    "duration": 0,
    "pid": 23292,
    "index": 35
  },
  {
    "name": "Require(27) D:/project/erlvzihuwai/donkeys-server/node_modules/egg-multipart/app/extend/context.js",
    "start": 1657126846331,
    "end": 1657126846331,
    "duration": 0,
    "pid": 23292,
    "index": 36
  },
  {
    "name": "Require(28) D:/project/erlvzihuwai/donkeys-server/node_modules/egg/app/extend/context.js",
    "start": 1657126846332,
    "end": 1657126846332,
    "duration": 0,
    "pid": 23292,
    "index": 37
  },
  {
    "name": "Require(29) D:/project/erlvzihuwai/donkeys-server/node_modules/@midwayjs/web/app/extend/context.js",
    "start": 1657126846333,
    "end": 1657126846333,
    "duration": 0,
    "pid": 23292,
    "index": 38
  },
  {
    "name": "Load extend/helper.js",
    "start": 1657126846407,
    "end": 1657126846648,
    "duration": 241,
    "pid": 23292,
    "index": 39
  },
  {
    "name": "Require(30) D:/project/erlvzihuwai/donkeys-server/node_modules/egg-security/app/extend/helper.js",
    "start": 1657126846412,
    "end": 1657126846560,
    "duration": 148,
    "pid": 23292,
    "index": 40
  },
  {
    "name": "Require(31) D:/project/erlvzihuwai/donkeys-server/node_modules/egg/app/extend/helper.js",
    "start": 1657126846565,
    "end": 1657126846566,
    "duration": 1,
    "pid": 23292,
    "index": 41
  },
  {
    "name": "Load app.js",
    "start": 1657126846649,
    "end": 1657126846852,
    "duration": 203,
    "pid": 23292,
    "index": 42
  },
  {
    "name": "Require(32) D:/project/erlvzihuwai/donkeys-server/node_modules/egg-session/app.js",
    "start": 1657126846649,
    "end": 1657126846650,
    "duration": 1,
    "pid": 23292,
    "index": 43
  },
  {
    "name": "Require(33) D:/project/erlvzihuwai/donkeys-server/node_modules/egg-security/app.js",
    "start": 1657126846650,
    "end": 1657126846653,
    "duration": 3,
    "pid": 23292,
    "index": 44
  },
  {
    "name": "Require(34) D:/project/erlvzihuwai/donkeys-server/node_modules/egg-onerror/app.js",
    "start": 1657126846654,
    "end": 1657126846682,
    "duration": 28,
    "pid": 23292,
    "index": 45
  },
  {
    "name": "Require(35) D:/project/erlvzihuwai/donkeys-server/node_modules/egg-i18n/app.js",
    "start": 1657126846683,
    "end": 1657126846835,
    "duration": 152,
    "pid": 23292,
    "index": 46
  },
  {
    "name": "Require(36) D:/project/erlvzihuwai/donkeys-server/node_modules/egg-schedule/app.js",
    "start": 1657126846835,
    "end": 1657126846837,
    "duration": 2,
    "pid": 23292,
    "index": 47
  },
  {
    "name": "Require(37) D:/project/erlvzihuwai/donkeys-server/node_modules/egg-multipart/app.js",
    "start": 1657126846837,
    "end": 1657126846839,
    "duration": 2,
    "pid": 23292,
    "index": 48
  },
  {
    "name": "Require(38) D:/project/erlvzihuwai/donkeys-server/node_modules/egg-static/app.js",
    "start": 1657126846839,
    "end": 1657126846840,
    "duration": 1,
    "pid": 23292,
    "index": 49
  },
  {
    "name": "Require(39) D:/project/erlvzihuwai/donkeys-server/node_modules/midway-schedule/app.js",
    "start": 1657126846841,
    "end": 1657126846842,
    "duration": 1,
    "pid": 23292,
    "index": 50
  },
  {
    "name": "Require(40) D:/project/erlvzihuwai/donkeys-server/node_modules/egg-mock/app.js",
    "start": 1657126846842,
    "end": 1657126846843,
    "duration": 1,
    "pid": 23292,
    "index": 51
  },
  {
    "name": "Require(41) D:/project/erlvzihuwai/donkeys-server/node_modules/@midwayjs/web/app.js",
    "start": 1657126846850,
    "end": 1657126846852,
    "duration": 2,
    "pid": 23292,
    "index": 52
  },
  {
    "name": "Did Load in D:/project/erlvzihuwai/donkeys-server/node_modules/@midwayjs/web/app.js:didLoad",
    "start": 1657126847095,
    "end": 1657126847942,
    "duration": 847,
    "pid": 23292,
    "index": 53
  },
  {
    "name": "Load Service",
    "start": 1657126847095,
    "end": 1657126847124,
    "duration": 29,
    "pid": 23292,
    "index": 54
  },
  {
    "name": "Load \"service\" to Context",
    "start": 1657126847096,
    "end": 1657126847124,
    "duration": 28,
    "pid": 23292,
    "index": 55
  },
  {
    "name": "Load Middleware",
    "start": 1657126847125,
    "end": 1657126847938,
    "duration": 813,
    "pid": 23292,
    "index": 56
  },
  {
    "name": "Load \"middlewares\" to Application",
    "start": 1657126847125,
    "end": 1657126847912,
    "duration": 787,
    "pid": 23292,
    "index": 57
  },
  {
    "name": "Load Controller",
    "start": 1657126847939,
    "end": 1657126847941,
    "duration": 2,
    "pid": 23292,
    "index": 58
  },
  {
    "name": "Load \"controller\" to Application",
    "start": 1657126847939,
    "end": 1657126847941,
    "duration": 2,
    "pid": 23292,
    "index": 59
  },
  {
    "name": "Load Router",
    "start": 1657126847941,
    "end": 1657126847941,
    "duration": 0,
    "pid": 23292,
    "index": 60
  },
  {
    "name": "Will Ready in D:/project/erlvzihuwai/donkeys-server/node_modules/@midwayjs/web/app.js:willReady",
    "start": 1657126847965,
    "end": 1657126850442,
    "duration": 2477,
    "pid": 23292,
    "index": 61
  }
]