[
  {
    "name": "Process Start",
    "start": 1657157345581,
    "end": 1657157363813,
    "duration": 18232,
    "pid": 36140,
    "index": 0
  },
  {
    "name": "Application Start",
    "start": 1657157363813,
    "end": 1657157365799,
    "duration": 1986,
    "pid": 36140,
    "index": 1
  },
  {
    "name": "Load Plugin",
    "start": 1657157363817,
    "end": 1657157363830,
    "duration": 13,
    "pid": 36140,
    "index": 2
  },
  {
    "name": "Load Config",
    "start": 1657157363830,
    "end": 1657157363844,
    "duration": 14,
    "pid": 36140,
    "index": 3
  },
  {
    "name": "Require(0) config/config.default.ts",
    "start": 1657157363830,
    "end": 1657157363830,
    "duration": 0,
    "pid": 36140,
    "index": 4
  },
  {
    "name": "Require(1) config/config.local.ts",
    "start": 1657157363831,
    "end": 1657157363831,
    "duration": 0,
    "pid": 36140,
    "index": 5
  },
  {
    "name": "Require(2) D:/project/erlvzihuwai/donkeys-server/node_modules/egg-session/config/config.default.js",
    "start": 1657157363832,
    "end": 1657157363832,
    "duration": 0,
    "pid": 36140,
    "index": 6
  },
  {
    "name": "Require(3) D:/project/erlvzihuwai/donkeys-server/node_modules/egg-security/config/config.default.js",
    "start": 1657157363832,
    "end": 1657157363832,
    "duration": 0,
    "pid": 36140,
    "index": 7
  },
  {
    "name": "Require(4) D:/project/erlvzihuwai/donkeys-server/node_modules/egg-jsonp/config/config.default.js",
    "start": 1657157363833,
    "end": 1657157363833,
    "duration": 0,
    "pid": 36140,
    "index": 8
  },
  {
    "name": "Require(5) D:/project/erlvzihuwai/donkeys-server/node_modules/egg-onerror/config/config.default.js",
    "start": 1657157363833,
    "end": 1657157363833,
    "duration": 0,
    "pid": 36140,
    "index": 9
  },
  {
    "name": "Require(6) D:/project/erlvzihuwai/donkeys-server/node_modules/egg-i18n/config/config.default.js",
    "start": 1657157363833,
    "end": 1657157363834,
    "duration": 1,
    "pid": 36140,
    "index": 10
  },
  {
    "name": "Require(7) D:/project/erlvzihuwai/donkeys-server/node_modules/egg-schedule/config/config.default.js",
    "start": 1657157363834,
    "end": 1657157363834,
    "duration": 0,
    "pid": 36140,
    "index": 11
  },
  {
    "name": "Require(8) D:/project/erlvzihuwai/donkeys-server/node_modules/egg-multipart/config/config.default.js",
    "start": 1657157363834,
    "end": 1657157363834,
    "duration": 0,
    "pid": 36140,
    "index": 12
  },
  {
    "name": "Require(9) D:/project/erlvzihuwai/donkeys-server/node_modules/egg-static/config/config.default.js",
    "start": 1657157363834,
    "end": 1657157363834,
    "duration": 0,
    "pid": 36140,
    "index": 13
  },
  {
    "name": "Require(10) D:/project/erlvzihuwai/donkeys-server/node_modules/egg/config/config.default.js",
    "start": 1657157363836,
    "end": 1657157363836,
    "duration": 0,
    "pid": 36140,
    "index": 14
  },
  {
    "name": "Require(11) D:/project/erlvzihuwai/donkeys-server/node_modules/@midwayjs/web/config/config.default.js",
    "start": 1657157363837,
    "end": 1657157363837,
    "duration": 0,
    "pid": 36140,
    "index": 15
  },
  {
    "name": "Require(12) config/config.default.ts",
    "start": 1657157363838,
    "end": 1657157363838,
    "duration": 0,
    "pid": 36140,
    "index": 16
  },
  {
    "name": "Require(13) D:/project/erlvzihuwai/donkeys-server/node_modules/egg-security/config/config.local.js",
    "start": 1657157363839,
    "end": 1657157363839,
    "duration": 0,
    "pid": 36140,
    "index": 17
  },
  {
    "name": "Require(14) D:/project/erlvzihuwai/donkeys-server/node_modules/egg/config/config.local.js",
    "start": 1657157363841,
    "end": 1657157363841,
    "duration": 0,
    "pid": 36140,
    "index": 18
  },
  {
    "name": "Require(15) config/config.local.ts",
    "start": 1657157363842,
    "end": 1657157363842,
    "duration": 0,
    "pid": 36140,
    "index": 19
  },
  {
    "name": "Before Start in node_modules/@midwayjs/web/dist/framework/web.js:45:22",
    "start": 1657157363844,
    "end": 1657157364396,
    "duration": 552,
    "pid": 36140,
    "index": 20
  },
  {
    "name": "Load extend/application.js",
    "start": 1657157363864,
    "end": 1657157363890,
    "duration": 26,
    "pid": 36140,
    "index": 21
  },
  {
    "name": "Require(16) D:/project/erlvzihuwai/donkeys-server/node_modules/egg-session/app/extend/application.js",
    "start": 1657157363865,
    "end": 1657157363866,
    "duration": 1,
    "pid": 36140,
    "index": 22
  },
  {
    "name": "Require(17) D:/project/erlvzihuwai/donkeys-server/node_modules/egg-security/app/extend/application.js",
    "start": 1657157363869,
    "end": 1657157363870,
    "duration": 1,
    "pid": 36140,
    "index": 23
  },
  {
    "name": "Require(18) D:/project/erlvzihuwai/donkeys-server/node_modules/egg-jsonp/app/extend/application.js",
    "start": 1657157363870,
    "end": 1657157363871,
    "duration": 1,
    "pid": 36140,
    "index": 24
  },
  {
    "name": "Require(19) D:/project/erlvzihuwai/donkeys-server/node_modules/egg-mock/app/extend/application.js",
    "start": 1657157363874,
    "end": 1657157363879,
    "duration": 5,
    "pid": 36140,
    "index": 25
  },
  {
    "name": "Require(20) D:/project/erlvzihuwai/donkeys-server/node_modules/@midwayjs/mock/app/extend/application.js",
    "start": 1657157363879,
    "end": 1657157363881,
    "duration": 2,
    "pid": 36140,
    "index": 26
  },
  {
    "name": "Require(21) D:/project/erlvzihuwai/donkeys-server/node_modules/@midwayjs/web/app/extend/application.js",
    "start": 1657157363882,
    "end": 1657157363884,
    "duration": 2,
    "pid": 36140,
    "index": 27
  },
  {
    "name": "Load extend/request.js",
    "start": 1657157363890,
    "end": 1657157363898,
    "duration": 8,
    "pid": 36140,
    "index": 28
  },
  {
    "name": "Require(22) D:/project/erlvzihuwai/donkeys-server/node_modules/egg/app/extend/request.js",
    "start": 1657157363893,
    "end": 1657157363895,
    "duration": 2,
    "pid": 36140,
    "index": 29
  },
  {
    "name": "Load extend/response.js",
    "start": 1657157363898,
    "end": 1657157363912,
    "duration": 14,
    "pid": 36140,
    "index": 30
  },
  {
    "name": "Require(23) D:/project/erlvzihuwai/donkeys-server/node_modules/egg/app/extend/response.js",
    "start": 1657157363901,
    "end": 1657157363908,
    "duration": 7,
    "pid": 36140,
    "index": 31
  },
  {
    "name": "Load extend/context.js",
    "start": 1657157363912,
    "end": 1657157363919,
    "duration": 7,
    "pid": 36140,
    "index": 32
  },
  {
    "name": "Require(24) D:/project/erlvzihuwai/donkeys-server/node_modules/egg-security/app/extend/context.js",
    "start": 1657157363913,
    "end": 1657157363913,
    "duration": 0,
    "pid": 36140,
    "index": 33
  },
  {
    "name": "Require(25) D:/project/erlvzihuwai/donkeys-server/node_modules/egg-jsonp/app/extend/context.js",
    "start": 1657157363913,
    "end": 1657157363913,
    "duration": 0,
    "pid": 36140,
    "index": 34
  },
  {
    "name": "Require(26) D:/project/erlvzihuwai/donkeys-server/node_modules/egg-i18n/app/extend/context.js",
    "start": 1657157363913,
    "end": 1657157363913,
    "duration": 0,
    "pid": 36140,
    "index": 35
  },
  {
    "name": "Require(27) D:/project/erlvzihuwai/donkeys-server/node_modules/egg-multipart/app/extend/context.js",
    "start": 1657157363913,
    "end": 1657157363914,
    "duration": 1,
    "pid": 36140,
    "index": 36
  },
  {
    "name": "Require(28) D:/project/erlvzihuwai/donkeys-server/node_modules/egg/app/extend/context.js",
    "start": 1657157363914,
    "end": 1657157363914,
    "duration": 0,
    "pid": 36140,
    "index": 37
  },
  {
    "name": "Require(29) D:/project/erlvzihuwai/donkeys-server/node_modules/@midwayjs/web/app/extend/context.js",
    "start": 1657157363915,
    "end": 1657157363915,
    "duration": 0,
    "pid": 36140,
    "index": 38
  },
  {
    "name": "Load extend/helper.js",
    "start": 1657157363919,
    "end": 1657157363988,
    "duration": 69,
    "pid": 36140,
    "index": 39
  },
  {
    "name": "Require(30) D:/project/erlvzihuwai/donkeys-server/node_modules/egg-security/app/extend/helper.js",
    "start": 1657157363921,
    "end": 1657157363973,
    "duration": 52,
    "pid": 36140,
    "index": 40
  },
  {
    "name": "Require(31) D:/project/erlvzihuwai/donkeys-server/node_modules/egg/app/extend/helper.js",
    "start": 1657157363975,
    "end": 1657157363976,
    "duration": 1,
    "pid": 36140,
    "index": 41
  },
  {
    "name": "Load app.js",
    "start": 1657157363988,
    "end": 1657157364068,
    "duration": 80,
    "pid": 36140,
    "index": 42
  },
  {
    "name": "Require(32) D:/project/erlvzihuwai/donkeys-server/node_modules/egg-session/app.js",
    "start": 1657157363989,
    "end": 1657157363990,
    "duration": 1,
    "pid": 36140,
    "index": 43
  },
  {
    "name": "Require(33) D:/project/erlvzihuwai/donkeys-server/node_modules/egg-security/app.js",
    "start": 1657157363991,
    "end": 1657157363994,
    "duration": 3,
    "pid": 36140,
    "index": 44
  },
  {
    "name": "Require(34) D:/project/erlvzihuwai/donkeys-server/node_modules/egg-onerror/app.js",
    "start": 1657157363994,
    "end": 1657157364017,
    "duration": 23,
    "pid": 36140,
    "index": 45
  },
  {
    "name": "Require(35) D:/project/erlvzihuwai/donkeys-server/node_modules/egg-i18n/app.js",
    "start": 1657157364020,
    "end": 1657157364051,
    "duration": 31,
    "pid": 36140,
    "index": 46
  },
  {
    "name": "Require(36) D:/project/erlvzihuwai/donkeys-server/node_modules/egg-schedule/app.js",
    "start": 1657157364052,
    "end": 1657157364054,
    "duration": 2,
    "pid": 36140,
    "index": 47
  },
  {
    "name": "Require(37) D:/project/erlvzihuwai/donkeys-server/node_modules/egg-multipart/app.js",
    "start": 1657157364054,
    "end": 1657157364056,
    "duration": 2,
    "pid": 36140,
    "index": 48
  },
  {
    "name": "Require(38) D:/project/erlvzihuwai/donkeys-server/node_modules/egg-static/app.js",
    "start": 1657157364057,
    "end": 1657157364058,
    "duration": 1,
    "pid": 36140,
    "index": 49
  },
  {
    "name": "Require(39) D:/project/erlvzihuwai/donkeys-server/node_modules/midway-schedule/app.js",
    "start": 1657157364058,
    "end": 1657157364060,
    "duration": 2,
    "pid": 36140,
    "index": 50
  },
  {
    "name": "Require(40) D:/project/erlvzihuwai/donkeys-server/node_modules/egg-mock/app.js",
    "start": 1657157364060,
    "end": 1657157364061,
    "duration": 1,
    "pid": 36140,
    "index": 51
  },
  {
    "name": "Require(41) D:/project/erlvzihuwai/donkeys-server/node_modules/@midwayjs/web/app.js",
    "start": 1657157364064,
    "end": 1657157364067,
    "duration": 3,
    "pid": 36140,
    "index": 52
  },
  {
    "name": "Did Load in D:/project/erlvzihuwai/donkeys-server/node_modules/@midwayjs/web/app.js:didLoad",
    "start": 1657157364102,
    "end": 1657157364396,
    "duration": 294,
    "pid": 36140,
    "index": 53
  },
  {
    "name": "Load Service",
    "start": 1657157364103,
    "end": 1657157364122,
    "duration": 19,
    "pid": 36140,
    "index": 54
  },
  {
    "name": "Load \"service\" to Context",
    "start": 1657157364103,
    "end": 1657157364122,
    "duration": 19,
    "pid": 36140,
    "index": 55
  },
  {
    "name": "Load Middleware",
    "start": 1657157364122,
    "end": 1657157364383,
    "duration": 261,
    "pid": 36140,
    "index": 56
  },
  {
    "name": "Load \"middlewares\" to Application",
    "start": 1657157364122,
    "end": 1657157364383,
    "duration": 261,
    "pid": 36140,
    "index": 57
  },
  {
    "name": "Load Controller",
    "start": 1657157364383,
    "end": 1657157364395,
    "duration": 12,
    "pid": 36140,
    "index": 58
  },
  {
    "name": "Load \"controller\" to Application",
    "start": 1657157364383,
    "end": 1657157364395,
    "duration": 12,
    "pid": 36140,
    "index": 59
  },
  {
    "name": "Load Router",
    "start": 1657157364395,
    "end": 1657157364396,
    "duration": 1,
    "pid": 36140,
    "index": 60
  },
  {
    "name": "Will Ready in D:/project/erlvzihuwai/donkeys-server/node_modules/@midwayjs/web/app.js:willReady",
    "start": 1657157364397,
    "end": 1657157365787,
    "duration": 1390,
    "pid": 36140,
    "index": 61
  }
]