[
  {
    "name": "Process Start",
    "start": 1657244275042,
    "end": 1657244290995,
    "duration": 15953,
    "pid": 31704,
    "index": 0
  },
  {
    "name": "Application Start",
    "start": 1657244290995,
    "end": 1657244291518,
    "duration": 523,
    "pid": 31704,
    "index": 1
  },
  {
    "name": "Load Plugin",
    "start": 1657244291000,
    "end": 1657244291010,
    "duration": 10,
    "pid": 31704,
    "index": 2
  },
  {
    "name": "Load Config",
    "start": 1657244291010,
    "end": 1657244291021,
    "duration": 11,
    "pid": 31704,
    "index": 3
  },
  {
    "name": "Require(0) config/config.default.ts",
    "start": 1657244291010,
    "end": 1657244291010,
    "duration": 0,
    "pid": 31704,
    "index": 4
  },
  {
    "name": "Require(1) config/config.local.ts",
    "start": 1657244291010,
    "end": 1657244291010,
    "duration": 0,
    "pid": 31704,
    "index": 5
  },
  {
    "name": "Require(2) D:/project/erlvzihuwai/donkeys-server/node_modules/egg-session/config/config.default.js",
    "start": 1657244291012,
    "end": 1657244291012,
    "duration": 0,
    "pid": 31704,
    "index": 6
  },
  {
    "name": "Require(3) D:/project/erlvzihuwai/donkeys-server/node_modules/egg-security/config/config.default.js",
    "start": 1657244291012,
    "end": 1657244291012,
    "duration": 0,
    "pid": 31704,
    "index": 7
  },
  {
    "name": "Require(4) D:/project/erlvzihuwai/donkeys-server/node_modules/egg-jsonp/config/config.default.js",
    "start": 1657244291012,
    "end": 1657244291012,
    "duration": 0,
    "pid": 31704,
    "index": 8
  },
  {
    "name": "Require(5) D:/project/erlvzihuwai/donkeys-server/node_modules/egg-onerror/config/config.default.js",
    "start": 1657244291013,
    "end": 1657244291013,
    "duration": 0,
    "pid": 31704,
    "index": 9
  },
  {
    "name": "Require(6) D:/project/erlvzihuwai/donkeys-server/node_modules/egg-i18n/config/config.default.js",
    "start": 1657244291013,
    "end": 1657244291013,
    "duration": 0,
    "pid": 31704,
    "index": 10
  },
  {
    "name": "Require(7) D:/project/erlvzihuwai/donkeys-server/node_modules/egg-schedule/config/config.default.js",
    "start": 1657244291013,
    "end": 1657244291013,
    "duration": 0,
    "pid": 31704,
    "index": 11
  },
  {
    "name": "Require(8) D:/project/erlvzihuwai/donkeys-server/node_modules/egg-multipart/config/config.default.js",
    "start": 1657244291013,
    "end": 1657244291013,
    "duration": 0,
    "pid": 31704,
    "index": 12
  },
  {
    "name": "Require(9) D:/project/erlvzihuwai/donkeys-server/node_modules/egg-static/config/config.default.js",
    "start": 1657244291013,
    "end": 1657244291013,
    "duration": 0,
    "pid": 31704,
    "index": 13
  },
  {
    "name": "Require(10) D:/project/erlvzihuwai/donkeys-server/node_modules/egg/config/config.default.js",
    "start": 1657244291015,
    "end": 1657244291016,
    "duration": 1,
    "pid": 31704,
    "index": 14
  },
  {
    "name": "Require(11) D:/project/erlvzihuwai/donkeys-server/node_modules/@midwayjs/web/config/config.default.js",
    "start": 1657244291017,
    "end": 1657244291017,
    "duration": 0,
    "pid": 31704,
    "index": 15
  },
  {
    "name": "Require(12) config/config.default.ts",
    "start": 1657244291017,
    "end": 1657244291017,
    "duration": 0,
    "pid": 31704,
    "index": 16
  },
  {
    "name": "Require(13) D:/project/erlvzihuwai/donkeys-server/node_modules/egg-security/config/config.local.js",
    "start": 1657244291018,
    "end": 1657244291018,
    "duration": 0,
    "pid": 31704,
    "index": 17
  },
  {
    "name": "Require(14) D:/project/erlvzihuwai/donkeys-server/node_modules/egg/config/config.local.js",
    "start": 1657244291019,
    "end": 1657244291019,
    "duration": 0,
    "pid": 31704,
    "index": 18
  },
  {
    "name": "Require(15) config/config.local.ts",
    "start": 1657244291019,
    "end": 1657244291020,
    "duration": 1,
    "pid": 31704,
    "index": 19
  },
  {
    "name": "Before Start in node_modules/@midwayjs/web/dist/framework/web.js:45:22",
    "start": 1657244291022,
    "end": 1657244291450,
    "duration": 428,
    "pid": 31704,
    "index": 20
  },
  {
    "name": "Load extend/application.js",
    "start": 1657244291040,
    "end": 1657244291064,
    "duration": 24,
    "pid": 31704,
    "index": 21
  },
  {
    "name": "Require(16) D:/project/erlvzihuwai/donkeys-server/node_modules/egg-session/app/extend/application.js",
    "start": 1657244291041,
    "end": 1657244291042,
    "duration": 1,
    "pid": 31704,
    "index": 22
  },
  {
    "name": "Require(17) D:/project/erlvzihuwai/donkeys-server/node_modules/egg-security/app/extend/application.js",
    "start": 1657244291042,
    "end": 1657244291043,
    "duration": 1,
    "pid": 31704,
    "index": 23
  },
  {
    "name": "Require(18) D:/project/erlvzihuwai/donkeys-server/node_modules/egg-jsonp/app/extend/application.js",
    "start": 1657244291043,
    "end": 1657244291045,
    "duration": 2,
    "pid": 31704,
    "index": 24
  },
  {
    "name": "Require(19) D:/project/erlvzihuwai/donkeys-server/node_modules/egg-mock/app/extend/application.js",
    "start": 1657244291046,
    "end": 1657244291050,
    "duration": 4,
    "pid": 31704,
    "index": 25
  },
  {
    "name": "Require(20) D:/project/erlvzihuwai/donkeys-server/node_modules/@midwayjs/mock/app/extend/application.js",
    "start": 1657244291050,
    "end": 1657244291052,
    "duration": 2,
    "pid": 31704,
    "index": 26
  },
  {
    "name": "Require(21) D:/project/erlvzihuwai/donkeys-server/node_modules/@midwayjs/web/app/extend/application.js",
    "start": 1657244291058,
    "end": 1657244291059,
    "duration": 1,
    "pid": 31704,
    "index": 27
  },
  {
    "name": "Load extend/request.js",
    "start": 1657244291064,
    "end": 1657244291074,
    "duration": 10,
    "pid": 31704,
    "index": 28
  },
  {
    "name": "Require(22) D:/project/erlvzihuwai/donkeys-server/node_modules/egg/app/extend/request.js",
    "start": 1657244291067,
    "end": 1657244291070,
    "duration": 3,
    "pid": 31704,
    "index": 29
  },
  {
    "name": "Load extend/response.js",
    "start": 1657244291074,
    "end": 1657244291082,
    "duration": 8,
    "pid": 31704,
    "index": 30
  },
  {
    "name": "Require(23) D:/project/erlvzihuwai/donkeys-server/node_modules/egg/app/extend/response.js",
    "start": 1657244291076,
    "end": 1657244291080,
    "duration": 4,
    "pid": 31704,
    "index": 31
  },
  {
    "name": "Load extend/context.js",
    "start": 1657244291082,
    "end": 1657244291089,
    "duration": 7,
    "pid": 31704,
    "index": 32
  },
  {
    "name": "Require(24) D:/project/erlvzihuwai/donkeys-server/node_modules/egg-security/app/extend/context.js",
    "start": 1657244291082,
    "end": 1657244291082,
    "duration": 0,
    "pid": 31704,
    "index": 33
  },
  {
    "name": "Require(25) D:/project/erlvzihuwai/donkeys-server/node_modules/egg-jsonp/app/extend/context.js",
    "start": 1657244291083,
    "end": 1657244291083,
    "duration": 0,
    "pid": 31704,
    "index": 34
  },
  {
    "name": "Require(26) D:/project/erlvzihuwai/donkeys-server/node_modules/egg-i18n/app/extend/context.js",
    "start": 1657244291083,
    "end": 1657244291083,
    "duration": 0,
    "pid": 31704,
    "index": 35
  },
  {
    "name": "Require(27) D:/project/erlvzihuwai/donkeys-server/node_modules/egg-multipart/app/extend/context.js",
    "start": 1657244291083,
    "end": 1657244291083,
    "duration": 0,
    "pid": 31704,
    "index": 36
  },
  {
    "name": "Require(28) D:/project/erlvzihuwai/donkeys-server/node_modules/egg/app/extend/context.js",
    "start": 1657244291084,
    "end": 1657244291084,
    "duration": 0,
    "pid": 31704,
    "index": 37
  },
  {
    "name": "Require(29) D:/project/erlvzihuwai/donkeys-server/node_modules/@midwayjs/web/app/extend/context.js",
    "start": 1657244291084,
    "end": 1657244291084,
    "duration": 0,
    "pid": 31704,
    "index": 38
  },
  {
    "name": "Load extend/helper.js",
    "start": 1657244291090,
    "end": 1657244291137,
    "duration": 47,
    "pid": 31704,
    "index": 39
  },
  {
    "name": "Require(30) D:/project/erlvzihuwai/donkeys-server/node_modules/egg-security/app/extend/helper.js",
    "start": 1657244291090,
    "end": 1657244291129,
    "duration": 39,
    "pid": 31704,
    "index": 40
  },
  {
    "name": "Require(31) D:/project/erlvzihuwai/donkeys-server/node_modules/egg/app/extend/helper.js",
    "start": 1657244291132,
    "end": 1657244291133,
    "duration": 1,
    "pid": 31704,
    "index": 41
  },
  {
    "name": "Load app.js",
    "start": 1657244291137,
    "end": 1657244291199,
    "duration": 62,
    "pid": 31704,
    "index": 42
  },
  {
    "name": "Require(32) D:/project/erlvzihuwai/donkeys-server/node_modules/egg-session/app.js",
    "start": 1657244291137,
    "end": 1657244291139,
    "duration": 2,
    "pid": 31704,
    "index": 43
  },
  {
    "name": "Require(33) D:/project/erlvzihuwai/donkeys-server/node_modules/egg-security/app.js",
    "start": 1657244291139,
    "end": 1657244291143,
    "duration": 4,
    "pid": 31704,
    "index": 44
  },
  {
    "name": "Require(34) D:/project/erlvzihuwai/donkeys-server/node_modules/egg-onerror/app.js",
    "start": 1657244291144,
    "end": 1657244291157,
    "duration": 13,
    "pid": 31704,
    "index": 45
  },
  {
    "name": "Require(35) D:/project/erlvzihuwai/donkeys-server/node_modules/egg-i18n/app.js",
    "start": 1657244291158,
    "end": 1657244291186,
    "duration": 28,
    "pid": 31704,
    "index": 46
  },
  {
    "name": "Require(36) D:/project/erlvzihuwai/donkeys-server/node_modules/egg-schedule/app.js",
    "start": 1657244291187,
    "end": 1657244291189,
    "duration": 2,
    "pid": 31704,
    "index": 47
  },
  {
    "name": "Require(37) D:/project/erlvzihuwai/donkeys-server/node_modules/egg-multipart/app.js",
    "start": 1657244291189,
    "end": 1657244291191,
    "duration": 2,
    "pid": 31704,
    "index": 48
  },
  {
    "name": "Require(38) D:/project/erlvzihuwai/donkeys-server/node_modules/egg-static/app.js",
    "start": 1657244291192,
    "end": 1657244291192,
    "duration": 0,
    "pid": 31704,
    "index": 49
  },
  {
    "name": "Require(39) D:/project/erlvzihuwai/donkeys-server/node_modules/midway-schedule/app.js",
    "start": 1657244291193,
    "end": 1657244291194,
    "duration": 1,
    "pid": 31704,
    "index": 50
  },
  {
    "name": "Require(40) D:/project/erlvzihuwai/donkeys-server/node_modules/egg-mock/app.js",
    "start": 1657244291194,
    "end": 1657244291196,
    "duration": 2,
    "pid": 31704,
    "index": 51
  },
  {
    "name": "Require(41) D:/project/erlvzihuwai/donkeys-server/node_modules/@midwayjs/web/app.js",
    "start": 1657244291197,
    "end": 1657244291199,
    "duration": 2,
    "pid": 31704,
    "index": 52
  },
  {
    "name": "Did Load in D:/project/erlvzihuwai/donkeys-server/node_modules/@midwayjs/web/app.js:didLoad",
    "start": 1657244291230,
    "end": 1657244291450,
    "duration": 220,
    "pid": 31704,
    "index": 53
  },
  {
    "name": "Load Service",
    "start": 1657244291231,
    "end": 1657244291243,
    "duration": 12,
    "pid": 31704,
    "index": 54
  },
  {
    "name": "Load \"service\" to Context",
    "start": 1657244291231,
    "end": 1657244291243,
    "duration": 12,
    "pid": 31704,
    "index": 55
  },
  {
    "name": "Load Middleware",
    "start": 1657244291243,
    "end": 1657244291448,
    "duration": 205,
    "pid": 31704,
    "index": 56
  },
  {
    "name": "Load \"middlewares\" to Application",
    "start": 1657244291243,
    "end": 1657244291448,
    "duration": 205,
    "pid": 31704,
    "index": 57
  },
  {
    "name": "Load Controller",
    "start": 1657244291448,
    "end": 1657244291449,
    "duration": 1,
    "pid": 31704,
    "index": 58
  },
  {
    "name": "Load \"controller\" to Application",
    "start": 1657244291448,
    "end": 1657244291449,
    "duration": 1,
    "pid": 31704,
    "index": 59
  },
  {
    "name": "Load Router",
    "start": 1657244291449,
    "end": 1657244291449,
    "duration": 0,
    "pid": 31704,
    "index": 60
  },
  {
    "name": "Will Ready in D:/project/erlvzihuwai/donkeys-server/node_modules/@midwayjs/web/app.js:willReady",
    "start": 1657244291450,
    "end": 1657244291493,
    "duration": 43,
    "pid": 31704,
    "index": 61
  }
]