{
  "keep": {
    "days": true,
    "amount": 31
  },
  "auditLog": "D:\\project\\erlvzihuwai\\donkeys-server\\logs\\cool-admin\\.069ce5190f6ed441aadabd1f695a39fca592edd4-audit.json",
  "files": [
    {
      "date": 1657080186999,
      "name": "D:\\project\\erlvzihuwai\\donkeys-server\\logs\\cool-admin\\midway-web.log.2022-07-06",
      "hash": "09856096acfe6ab7bc29f187e527fa00"
    },
    {
      "date": 1657126612370,
      "name": "D:\\project\\erlvzihuwai\\donkeys-server\\logs\\cool-admin\\midway-web.log.2022-07-07",
      "hash": "b89dd7102011b7b930217d2d040a4ea2"
    },
    {
      "date": 1657244290710,
      "name": "D:\\project\\erlvzihuwai\\donkeys-server\\logs\\cool-admin\\midway-web.log.2022-07-08",
      "hash": "5db1b7b03055153a7b15821f652fad1d"
    }
  ],
  "hashType": "md5"
}