{
  "keep": {
    "days": true,
    "amount": 31
  },
  "auditLog": "D:\\project\\erlvzihuwai\\donkeys-server\\logs\\cool-admin\\.5a84c97217befadd05d855fec52a70863cb326ae-audit.json",
  "files": [
    {
      "date": 1657080186993,
      "name": "D:\\project\\erlvzihuwai\\donkeys-server\\logs\\cool-admin\\common-error.log.2022-07-06",
      "hash": "7134a9fdabce0b4fe9ae8b0a88de9950"
    },
    {
      "date": 1657126612367,
      "name": "D:\\project\\erlvzihuwai\\donkeys-server\\logs\\cool-admin\\common-error.log.2022-07-07",
      "hash": "2619426550eb42c7eeb7c1b4fae841ba"
    },
    {
      "date": 1657244290707,
      "name": "D:\\project\\erlvzihuwai\\donkeys-server\\logs\\cool-admin\\common-error.log.2022-07-08",
      "hash": "a7c161b6e81919003f491c420241ef77"
    }
  ],
  "hashType": "md5"
}