{
  "keep": {
    "days": true,
    "amount": 31
  },
  "auditLog": "D:\\project\\erlvzihuwai\\donkeys-server\\logs\\cool-admin\\.a35e9bd2fb1f67573240b5759039814e836db0d7-audit.json",
  "files": [
    {
      "date": 1657080187581,
      "name": "D:\\project\\erlvzihuwai\\donkeys-server\\logs\\cool-admin\\midway-core.log.2022-07-06",
      "hash": "f5a25b2542f3af3efed618a6acbdc81f"
    },
    {
      "date": 1657126612866,
      "name": "D:\\project\\erlvzihuwai\\donkeys-server\\logs\\cool-admin\\midway-core.log.2022-07-07",
      "hash": "de37ab5122350e33d6d216030fcc2d21"
    },
    {
      "date": 1657244291030,
      "name": "D:\\project\\erlvzihuwai\\donkeys-server\\logs\\cool-admin\\midway-core.log.2022-07-08",
      "hash": "32bedcd7e71454eacc5bfd9340956266"
    }
  ],
  "hashType": "md5"
}