{
  "keep": {
    "days": true,
    "amount": 31
  },
  "auditLog": "D:\\project\\erlvzihuwai\\donkeys-server\\logs\\cool-admin\\.b9d03e62b8446f722ed53a1d5488009d123441b7-audit.json",
  "files": [
    {
      "date": 1657080186981,
      "name": "D:\\project\\erlvzihuwai\\donkeys-server\\logs\\cool-admin\\midway-agent.log.2022-07-06",
      "hash": "409b0fcf23406ce5d672c7c067ec76d1"
    },
    {
      "date": 1657126612363,
      "name": "D:\\project\\erlvzihuwai\\donkeys-server\\logs\\cool-admin\\midway-agent.log.2022-07-07",
      "hash": "092e5d9e4aa7aedbde1af86f7de8c64c"
    },
    {
      "date": 1657244290703,
      "name": "D:\\project\\erlvzihuwai\\donkeys-server\\logs\\cool-admin\\midway-agent.log.2022-07-08",
      "hash": "600542ca7ebb9e0e79fbf522c821fc29"
    }
  ],
  "hashType": "md5"
}