{
  "keep": {
    "days": true,
    "amount": 31
  },
  "auditLog": "D:\\project\\erlvzihuwai\\donkeys-server\\logs\\cool-admin\\.d9f609d56d08c9f91ab93949bfb994e79ca015d4-audit.json",
  "files": [
    {
      "date": 1657080187010,
      "name": "D:\\project\\erlvzihuwai\\donkeys-server\\logs\\cool-admin\\egg-schedule.log.2022-07-06",
      "hash": "b779f4fcbb30f5cf02eedd7025a33f0f"
    },
    {
      "date": 1657126612374,
      "name": "D:\\project\\erlvzihuwai\\donkeys-server\\logs\\cool-admin\\egg-schedule.log.2022-07-07",
      "hash": "af9975ebc63031db04ed2bcb8c778cfb"
    },
    {
      "date": 1657244290715,
      "name": "D:\\project\\erlvzihuwai\\donkeys-server\\logs\\cool-admin\\egg-schedule.log.2022-07-08",
      "hash": "77247b8f479182b4811045089e839118"
    }
  ],
  "hashType": "md5"
}